Submission / Project,Round,Submission Title,Project,Category (from Project),Submission URL,Status,Tranche Completion %,Latest Tranche (from Payments),Total Awarded (USD),Total Paid (USD),Total Paid (XLM),Most Recent Payment Date,Award Type,One-Sentence-Description,Products & Services,Technical Architecture,Success Criteria,Website,Code,Video,Use Soroban?,Go-To-Market Plan,Traction Evidence,Tranche 1 - Deliverables,Tranche 2 - Testnet,Tranche 3 - Mainnet,Team Members,Thumbnail,LinkedIn (from Project),X (from Project),Discord (from Project),Pitch Deck (from Project)
Lumenaut Pool,SCF #1,Lumenaut Pool,Lumenaut Pool,Applications,https://communityfund.stellar.org/dashboard/submissions/recoN8vGUgyzU9MKv,Awarded,,SCF Legacy Award,$37844.32,$37844.32,483282.67,7/16/2019,Legacy v1.0 Award,,,,,,,,,,,,,,,,,,,
StellarGuard,SCF #1,StellarGuard - Security for your Stellar account,StellarGuard,Applications,https://communityfund.stellar.org/dashboard/submissions/recCm1a3tDKd0Whro,Awarded,,SCF Legacy Award,$53824.92,$53824.92,683890.58,7/16/2019,Legacy v1.0 Award,,,,,,,,,,,,,,,,,,,
Equilibre.io,SCF #1,Equilibre.io ~ A Portfolio Balancer for Stellar,Equilibre.io,Applications,https://communityfund.stellar.org/dashboard/submissions/recOfX9DBePHbRry1,Awarded,,SCF Legacy Award,$31377.49,$31377.49,401215.81,7/16/2019,Legacy v1.0 Award,,,,,,,,,,,,,,,,,,,
Astrograph,SCF #1,Astrograph — Explore the new horizons of Stellar network,Astrograph,Infrastructure & Services,https://communityfund.stellar.org/dashboard/submissions/recpR7pkCjncJOfT3,Awarded,,SCF Legacy Award,$10050.82,$10050.82,127659.57,7/16/2019,Legacy v1.0 Award,,,,,,,,,,,,,,,,,,,
SWPLUG,SCF #1,SWPLUG,SWPLUG,Developer Tooling,https://communityfund.stellar.org/dashboard/submissions/rec8qIbuHeFZl2XVL,Awarded,,SCF Legacy Award,$35717.93,$35717.93,364741.64,7/12/2019,Legacy v1.0 Award,,,,,,,,,,,,,,,,,,,
Python Stellar SDK,SCF #1,Stellar Python SDK,Python Stellar SDK,Developer Tooling,https://communityfund.stellar.org/dashboard/submissions/reciEJw932bi9fM5Y,Awarded,,SCF Legacy Award,$29860.59,$29860.59,373860.18,7/16/2019,Legacy v1.0 Award,Py-stellar-sdk is a Python library for communicating with a Stellar Horizon server. It is used for building Stellar apps on Python.,,,,https://galactictalk.org/d/2007-python-stellar-sdk,,,,,,,,,overcat,,,,,
Timed Transactions API,SCF #1,Timed Transactions API - Schedule payments on the Stellar network!,Timed Transactions API,Developer Tooling,https://communityfund.stellar.org/dashboard/submissions/recOamGIP0chX9mhu,Awarded,,SCF Legacy Award,$19994.09,$19994.09,291793.31,8/16/2019,Legacy v1.0 Award,,,,,,,,,,,,,,,,,,,
Stellar Community Forum,SCF #1,Stellar Community Forum,Stellar Community Forum,Education & Community,https://communityfund.stellar.org/dashboard/submissions/receQ7xIMdPbzPK31,Awarded,,SCF Legacy Award,$21509.98,$21509.98,273556.23,7/16/2019,Legacy v1.0 Award,,,,,,,,,,,,,,Emmanuel Umoh,,,,,
