Submission / Project,Round,Submission Title,Project,Category (from Project),Submission URL,Status,Tranche Completion %,Latest Tranche (from Payments),Total Awarded (USD),Total Paid (USD),Total Paid (XLM),Most Recent Payment Date,Award Type,One-Sentence-Description,Products & Services,Technical Architecture,Success Criteria,Website,Code,Video,Use Soroban?,Go-To-Market Plan,Traction Evidence,Tranche 1 - Deliverables,Tranche 2 - Testnet,Tranche 3 - Mainnet,Team Members,Thumbnail,LinkedIn (from Project),X (from Project),Discord (from Project),Pitch Deck (from Project)
Hana Wallet,SCF #25,Hana Wallet: Defi Integrations,Hana Wallet,Applications,https://communityfund.stellar.org/dashboard/submissions/recryJTSYRWHf1GqJ,Awarded,,SCF Legacy Award,$82000.00,$82000.00,616814.97,4/8/2024,Legacy v5.0 Community Award,"Hana Wallet: Simple multi-chain crypto on-the-go, Like MetaMask, Keplr, Freighter, ICONex all in one. But built for everyday users","Hana is a multi-chain cryptocurrency wallet designed to empower users with the capability to manage, transact, and interact with a diverse range of digital assets and applications across various blockchains. In our SCF Activation grant, we successfully integrated Stellar support into our Chrome, iOS, and Android applications. Our goal now is to build on this initial work to integrate Soroban Defi protocols natively into Hana.

The goal of this grant is to build a quick and easy onboarding onto Stellar for non-crypto users via OnRamp/OffRamp and existing-crypto users via cross-chain swaps, and a seamless Defi experience of Soroban protocols.

Over the past few months, the Hana team has been working with a range of teams building in the Soroban ecosystem. We’ve been aiming to learn what is being built and how we can natively integrate these protocols into Hana. The initial work we’re doing in this grant will allow us to easily add additional Soroban protocols in the future.",,,https://hanawallet.io/,https://github.com/Hana-Technology,https://youtu.be/RAKzLOv6xQE,,,,,,,Mark Jones,,,https://twitter.com/hanawallet,,
DevTrak - Developer Onboarding,SCF #25,DevTrak - Developer Onboarding,DevTrak - Developer Onboarding,Applications,https://communityfund.stellar.org/dashboard/submissions/reczkFN5xjflJPlb8,Awarded,,SCF Legacy Award,$14000.00,$14000.00,104842.6,4/9/2024,Legacy v5.0 Activation Award,"We are launching Africas first gamified platform for developers to Learn, Build, and Earn real rewards on the Stellar network.",Please provide the content from xrp that you would like me to streamline.,,,www.mowblox.com,,,,,,,,,Mary Okwong Okwong,,https://ng.linkedin.com/company/mowblox,https://twitter.com/mowblox,,
COCA.XYZ,SCF #25,COCA.XYZ,COCA.XYZ,Applications,https://communityfund.stellar.org/dashboard/submissions/rec2VJOCKxuBhs62G,Awarded,,SCF Legacy Award,$50000.00,$50000.00,374437.87,4/9/2024,Legacy v5.0 Activation Award,"Non-custodial Debit Card and IBAN powered by MPC and anonymous biometrics. Stats: 100,000+ Users and 250,000+ Wallets","Problem: Complex UX and Limited Payment Connectivity Hinder Adoption

As Web3 expands, the journey to mass adoption faces hurdles, particularly in simplifying the use of non-custodial wallets. These wallets are crucial for maintaining asset and data ownership but often pose challenges for users, especially regarding fiat on/off-ramp and payment connectivity.

User Adoption Challenges

Confusion regarding seed phrases and switching networks. Challenges in protecting and recovering private keys. Misunderstandings about transaction terms such as nonce, gas, and memo. Difficulty in memorizing public addresses. Inconvenience in managing fiat on/off-ramps and crypto payments.

Non-Custodial Wallet Essentials

Simplified alternatives to complex seed phrases. Robust support for multiple blockchains, facilitating diverse crypto interactions. Secure and discreet management of private keys. Intuitive handling of fees and transactions. Seamless transitions between fiat and crypto with integrated payment options.

Solution: COCA: The Next-Gen Crypto Super App

COCA represents the future of crypto wallets, expertly crafted for broad acceptance while focusing on superior security and a fluid user experience. There are four key innovations that form the core of COCA's advanced functionality:

MPC (Multi-Party Computation): Revolutionizing security with a decentralized key system, enhancing protection against hacks and fraud. Anonymous Biometric Backup: Offering a fail-safe recovery system using advanced facial recognition technology, ensuring user identity remains protected and private. On-ramp Aggregator: Simplifying access to crypto markets with a comprehensive platform for easy buying, selling, and trading of digital assets. Non-Custodial Debit Card & IBAN: Merging traditional banking with the crypto world, providing a seamless spending experience both online and in-store.

COCA MPC: Secure, Shard-Based Wallets

COCA's MPC Protocol innovatively stores user wallets across a blend of physical devices and servers, each holding independently generated shards, replacing the traditional Private Key and redefining transaction signing with a dual-shard system plus backup guarantors.

How It Works:

COCA Shard 1 Creation: Independently and autonomously generated on COCA's server infrastructure. User Shard 2 Generation: Created autonomously on the user's mobile device during COCA App registration. Public Key Formation: Shards 1 and 2 collaborate to generate a unified public key for blockchain addresses. MPC Signature Procedure: The shards are utilized in a secure, Multi-Party Computation signature process, ensuring enhanced security and user control.

Anonymous Facial Biometric Backup: A Game-Changer for Crypto Wallet Security

Revolutionizing security with our on-device, ultra-accurate facial biometric system that adapts and improves with every use, ensuring seamless, universal compatibility and unmatched privacy.

How It Works:

3D Facial Model Creation: Constructs a detailed 3D facial model, capturing over 100 unique parameters. Neural Network Learning: Our AI systematically associates this model with a unique biometric key, enhancing over time. Data Anonymization: Original facial data is deleted, maintaining only anonymized biometric signatures. Real-Time Comparison: Quickly compares live biometric data with stored signatures for verification. Secure Authentication: Delivers fast and error-free authentication, reinforcing security measures.

On-ramp Aggregator: Optimal Pricing & Acceptance

Discover the power of choice with COCA's On-ramp Aggregator, a gateway to the best market prices and acceptance rates:

Diverse Partnerships: Integrating top platforms like Moonpay, Transact, Stripe, Simplex, and Sardine for unmatched variety. Global Accessibility: Supports 140 fiat currencies and 35 payment methods, ensuring worldwide reach. Smart Selection: Our system analyzes rates and success rates, guiding users to the most suitable on-ramp option. Volume Boost: Experience a significant 40-80% growth in transactions compared to single on-ramp integrations.

COCA's Banking Fusion: Debit Cards & IBAN Access

COCA redefines financial freedom by combining the ownership of a non-custodial wallet with the convenience of traditional banking:

Effortless Payments: Built-in physical and virtual cards for easy transactions everywhere. Mobile Wallet Sync: Seamlessly compatible with Apple Pay and Google Pay. Global Reach: Card issuance spanning across EEA, USA, APAC, and LATAM. Rewarding Experience: Enjoy cashback rewards on your spending. Versatile Off-ramping: Smoothly transfer funds to bank accounts or other cards.

How does COCA use Stellar?

COCA's platform robustly supports both XLM and USDC on the Stellar network. In our commitment to expanding the utility and accessibility of digital assets, we are exploring avenues to enable the use of USDC and other Stellar-based assets for transactions through COCA's non-custodial debit cards. This initiative is part of our broader strategy to enhance the functionality and convenience of our services. Additionally, we provide the option for users to off-ramp USDC on Stellar via IBAN, offering a seamless transition between crypto and traditional banking systems. This integration exemplifies COCA's dedication to delivering versatile and user-centric financial solutions in the digital asset space.",,,https://www.coca.xyz/,,https://youtu.be/I7tEPbaTKjw?si=zqPqBxMEiLNseUQw,,,,,,,Pavel Matveev,,,https://x.com/coca_wallet?s=11,https://discord.com/invite/AVxksnCubn,
Stellarcarbon,SCF #25,Stellarcarbon Fractional,Stellarcarbon,Applications,https://communityfund.stellar.org/dashboard/submissions/recenP9txM5nrDzjs,Awarded,,SCF Legacy Award,$51000.00,$51000.00,405156.44,4/12/2024,Legacy v5.0 Community Award,"Contribute to high-integrity nature based projects, making it effortless to compensate for your remaining emissions.",,,,https://sc-website-eosin.vercel.app/,,,,,,,,,"Alex Olieman, Adam Menary, Henk",,,https://x.com/stellarcarbon,,
CodeLnPay,SCF #25,CodeLnPay,CodeLnPay,Applications,https://communityfund.stellar.org/dashboard/submissions/reco3cXFlyDt53B0u,Awarded,,SCF Legacy Award,$37923.00,$37923.00,352399.04,5/10/2024,Legacy v5.0 Activation Award,CodeLnPay offers cross-border salary payments to help African-based remote workers seamlessly collect their income.,"Codeln Pay is a fintech platform that allows seamless salary cross-border payments. We make it easy for African-based remote workers to seamlessly receive their salaries from employers abroad. These were some of the challenges they have been experiencing in accessing their income: Salary delays, 1-2 weeks after it has been sent. They pay 10 - 15% in charges to collect their salary. Income is affected by constant currency devaluation. They had lost multiple job offers because the employer’s bank was not allowed to transfer money to certain regions in Africa.

We have a community of over 17,000 techies (Software Engineers, Blockchain Engineers, Cloud Engineers, Product Designers). The gig workforce is fast growing in Africa, we want to help mitigate the barriers to access to jobs and connect youths in these underserved markets to jobs without borders. Enabling them to have equal access to job opportunities and decent pay. We also want to enlighten them about opportunities in Web3 and introduce them to building their product on the Stellar Network.

These are some of the benefits our users will get from the proposed product: Get their salary instantly in their digital wallet. Only pay as low as 1% in charges. Hold their income in USDC to mitigate currency devaluation risk. Access to more job opportunities without restrictions.

How we will use Stellar: CodelnPay will use Stellar to overcome the challenges of cross-border payments that are especially unique to Africa and deliver a fast, secure, and cost-effective payment channel to employers' workforce in Africa. CodelnPay will leverage: Non-Custodial Wallet: CodelnPay will leverage non-custodial wallets to maintain low regulatory risk enabling us to iterate faster. It will also allow us to abstract the details of the underlying crypto working for our users. On-ramp and Off-ramp solutions: SEP 24 to enable fiat deposits/on-ramping. Stably and MoneyGram Access will be used for USD<>USDC on-ramping. SEP 24 to enable withdrawals/off-ramping via MoneyGram Access. Including ClickPesa and Finclusive in Nigeria, Kenya, and Ghana our most common markets. Features: Invoicing: Employees can issue invoices to employers for salary payments. Streamlined Easy Payment Service: Employers can easily make salary payments in USD|EUR|GBP from their banks or bank applications. Fast and Cost-Effective Remittance: Employees can save in USDC and cashout in their local currencies.",,,https://www.figma.com/proto/Fc6EKf3IYAGZWdr5PfzcjU/CodelnPayWallet?type=design&node-id=18-329&t=2jn4kGVXrnfK9RFK-1&scaling=scale-down&page-id=0%3A1&starting-point-node-id=18%3A329,,https://www.loom.com/share/73d1de6a92604fdd89fa4d0713767923?sid=a9dbe84b-2d41-48dc-9125-204c7b9ceb58,,,,,,,"Elohor Thomas, Philisiah Mwaluma",,,,,
Emigro,SCF #25,Emigro Pix,Emigro,Applications,https://communityfund.stellar.org/dashboard/submissions/recrEOmS40AmR6y25,Awarded,,SCF Legacy Award,$96000.00,$96000.00,718920.72,4/9/2024,Legacy v5.0 Community Award,Emigro is the traveler's digital wallet.,Please provide the content from z so I can assist you with streamlining the format.,,,z,z,,,,,,,,Blake William Sieders,,https://www.linkedin.com/company/emigro-inc/,https://twitter.com/emigrobr,,
IDUNU: Help Kids Thrive,SCF #25,IDUNU: Help Kids Thrive,IDUNU: Help Kids Thrive,Applications,https://communityfund.stellar.org/dashboard/submissions/recLB7DIx8J5C198j,Awarded,,SCF Legacy Award,$15000.00,$15000.00,112832.0,4/8/2024,Legacy v5.0 Community Award,"IDUNU: A fundraising and fund distribution platform for high-impact, cost-effective charities working with underprivileged kids.","IDUNU: A fundraising and fund distribution platform for high-impact, cost-effective charities working with underprivileged kids.

Goal: Empowering charities focused on underprivileged children through a sustainable and transparent, Stellar-powered fundraising and fund distribution platform.

The Problem We're Solving: There are over 98 million out-of-school children in Africa (200 million worldwide), and those still in school lack basic learning materials to achieve their dreams. The next generation of digital technologists needs help. NGOs like The Helpmates Foundation and Teens Trust Foundation struggle to raise funds for their annual school initiatives due to the country's dire economic situation.

Summarily:
- NGOs face significant challenges in raising funds for educational initiatives due to economic constraints.
- There is a high number of out-of-school children, and those in school often need more essential learning materials.
- Raising and distributing funds needs more transparency, affecting donor confidence and willingness to contribute.

Overall results with Activation stage:
1. Beta Phase: We started the beta phase with two NGOs, The Helpmates Foundation and Teen Trust Foundation where we refined our product development and also submitted tens of transactions to the Stellar Testnet Network. We also started signing up NGOs on our waitlist during this period.

2. Public Launch: We launched! Our public launch has been with great praise. Here are our results so far and counting:
A - We've signed 20 NGOs/charities on our platform. These NGOs have a combined outreach of 1 million kids across Nigeria. We're currently in talks with onboarding NGOs in other African countries like Ghana.
B - Over 1,000,000 naira has been raised from campaigns. We currently support XLM and USDC donations. We're working on integrating more currencies like Naira and Ghana's Cedis.
C - The platform has reduced the average time from fundraising to fund distribution to under 1 hour, a significant improvement over traditional methods. For example, GoFundMe takes 3-5 business days.
D - More people now know how blazingly fast and cheap the Stellar blockchain is. Compared to traditional platforms like GoFundMe, which charge 2-3% for donations, our transactions vary between 0.00001 and 0.0005 XLM! How amazing!

The heart of IDUNU's success lies in its integration with the Stellar blockchain network. Stellar's open blockchain payment system offers unparalleled price, security, and transparency for online transactions, making it an ideal backbone for a platform like IDUNU. By bridging the gap between donors' generosity and children's needs, IDUNU stands as a testament to the power of technology to drive social change.

For the community stage, we will be building the following features:
1. Charity Pay - Simplifying Donations: This payment link feature allows NGOs to create standalone payment pages independent of specific campaigns. It will build upon the Stellar transactions system we've built. This flexibility enables organizations to receive funds for general purposes, catering to operational costs or emergent needs that might not be tied to a particular project.
2. Support for more currencies - Broadening Donor Base: We currently support USDC and XLM. This works really well now because it caters to the platform's biggest donors, who are from the diaspora community. In 2023, over 200 million migrant workers sent $669 billion to people back home in low- and middle-income countries. Integration to Stellar Anchor, Busha has helped with fund distribution, but as we expand to more African countries, we need to support more currencies. We will do this by integrating more of Busha's Stellar Anchor facilities and exploring integrations with Stellar Anchors in other countries like Ghana, such as Flutterwave and Yellowcard. Our integration with LINK.io's NGN token was put on hold because of current Nigerian regulatory issues and their restrictive integration policies, but we plan to revisit our collaboration.
3. Diverse Wallet Integrations - Support for more wallets: We currently only do Stellar Freighter Wallet. For the community awards stage, we will support Xbull, Albedo, Ledger, WalletConnect, etc.
4. Receipts for Tax purposes - Donation tax deduction receipt: To encourage and reward charitable giving, the platform will provide auto-generated donation tax deduction receipts showing verifiable Stellar chain-based proof, making it easier for donors to claim tax benefits.
5. Proof of donation NFT: When we finish our core deliverables for this stage, we will provide Proof of donation NFTs to donors using Soroban smart contracts. This feature offers a novel digital token of appreciation that serves as a memento of their generosity and opens up new avenues for engaging and motivating the donor community. This will be done freely as a volunteer act and is not included in our budget.
6. Personalized Charity Page: Each NGO will have its own page, just like a GoFundMe charity page, showing all its campaigns, donations, and community updates from the charity.
7. Extensive Donation Subscription System - Ensuring Sustained Support: NGOs can get a consistent/ongoing stream of donations from donors interested in their mission. We will set up a system that accepts donors' emails, automatically creates payment links, and sends periodic (weekly, monthly, quarterly, and annual) reminders to the specified donor lists.

These features are critical to the long-term sustainability of the charities and our platform, and we're excited to get started!",,,https://www.idunu.org/,,https://www.youtube.com/watch?v=NVmO2tsZuio,,,,,,,infovore ,,,,,
Meru,SCF #25,Meru - Beyond Latin America,Meru,Applications,https://communityfund.stellar.org/dashboard/submissions/recNGVuHLxCxlKmzw,Awarded,,SCF Legacy Award,$98520.00,$98520.00,741080.62,4/8/2024,Legacy v5.0 Community Award,"Expanding coverage of Meru financial services for freelancers based on Stellar beyond Latin America, Spanish-speaking, and USDC.","Meru is a non-custodial USDc digital wallet built and designed for freelancers and remote workers from Latin America, built over Stellar. Now we want to expand this to other emerging countries, such as India, Pakistan, Philippines, Bangladesh, etc., who have a very important presence of freelancer workers who work not only for the US but also for European companies. For this we need: Complement our KYC partner capabilities to have global coverage. Enable SEPA virtual bank accounts for non-EU residents, that settle in EURC (Stellar). Enable Mastercard/Visa issuance for global customers. Connect other on-ramp and off-ramp rails to at least 10 more countries outside Latam.

Regarding studies around 1.56Bn people work as self-employed or freelancers in the world (https://techjury.net/blog/freelance-statistics/). Freelancers and remote workers commonly engage with remote employers through platforms like UpWork, Workana, Freelancer.com, Fiverr, etc. But getting paid internationally is still too hard. Most platforms pay in dollars or euros and leave the worker to figure out how to get that money into local currency to be available to spend on essentials like rent, food, medicines, wifi, etc., losing money paying high fees, having to use multiple platforms to convert the money to local currency, waiting long times, or being scammed.

Total flexibility to receive deposits, send or spend money with Meru, thanks to our non-custodial solution based on USDC/EURC on Stellar.

We have been working with SDF for more than 3 years. Meru has been built on Stellar. All the products offered by us are running on Stellar. When a Fiat payment is received it is converted to USDC/EURC and deposited in a non-custodial wallet owned by each user. We perform gas sponsorship, and fee bump transactions, to simplify adoption, and additionally, we have a key management and recovery system based on the SEP-30 protocol. We have our own instance of Horizon. We use SEP-6 and SEP-24 to integrate with Stellar anchors, such as Moneygram.",,,https://getmeru.com,,,,,,,,,Amilcar Erazo,,https://www.linkedin.com/company/88967421/admin/feed/posts/,@getmeru,https://discord.gg/AJwxuhGY,
Mercury,SCF #25,The Mercury Ecosystem,Mercury,Infrastructure & Services,https://communityfund.stellar.org/dashboard/submissions/reckeu03BF6X1OFq7,Awarded,,SCF Legacy Award,$100000.00,$100000.00,1022967.67,6/12/2024,Legacy v5.0 Community Award,Mercury is an efficient and already-running (testnet and mainnet) indexing service which we're looking to scale.,"The introduction of protocol 20 led to new challenges with respect to on-chain data access, signaling the need for complex, granular and customizable data retrieval. That’s where indexers come into the picture, trying to fill the gap between on-chain projects and efficient data fetching. Mercury is a managed indexer specifically tailored for the Stellar-Soroban ecosystem built by the Xycloo Labs team. Its architecture allows for high efficiency which is reflected on the end user experience as fast, reliable, granular and cheap data indexing. To learn more about Mercury’s advantages and how we tackle the new challenges of data needs on the network check out https://blog.xycloo.com/blog/explaining-mercury-stellar-event.

Many important projects being built on Stellar and Soroban are already relying on Mercury for their data indexing: the Freighter Wallet, Soroswap Finance, Soroban Governor, Kwickbit, SmartDeploy, xycLoans and individuals. Their teams are working closely with Tommaso aka tdep (our lead developer), especially for what concerns the integration with Zephyr, as we still need to integrate a more complete SDK and facilitate the developer experience (more on that later). We believe that this is already a good amount of traction given that Soroban has just now started getting traction and the service has been operational only for a couple of months. However, we’ve noticed that:

Once clients start relying on Mercury and get past the initial learning curve, they always continue working with us.

We’ve only worked closely with projects whose developers were already very familiar with Stellar and Soroban.

There’s a good percentage of customers we recognized to have less experience with Soroban that signed up or requested access and then didn’t persist with using the service.

The above insights have led us to formulate what is one of the two main components of this submission: making Mercury a fully-featured data-related ecosystem. With this submission we propose to implement and outline Mercury's significant potential to capture a substantial market share and establish itself as a leader in developing services that bridge the gap between the network’s data and various user groups, including developers, traders, and general users. We want to make Mercury the one-stop service to plug-in projects, set up simple or complex data workflows, simulate transactions, build bots, explore and test contracts, and possibly other data-related features that can scale up the workflows of projects building on Soroban and Stellar. All of this would be accessible to all users in a user-friendly Mercury ecosystem dashboard that doesn’t necessarily require a deep understanding of the underlying network data structure or format, and providing features such as auto-generated code for frontends when interacting with Mercury.

We also believe that it is crucial in this phase of users and developers onboarding for Soroban to provide the network with the best infrastructure possible in order to reduce at maximum the entry barriers. Having a powerful, managed, omni-comprehensive and user-friendly environment to deal with network’s data is a huge step forward in that direction, making available a full suite of components that would significantly simplify the processes.

More concretely, the submission can be split in two components (not necessarily of equal amount of work):

Scaling the ZephyrVM integration.

Building the “Mercury ecosystem”.

Scaling the ZephyrVM integration

The current version of the ZephyrVM works well, but only for teams that are much familiar with Soroban and Rust (outlining the need for better tooling and more work on the SDK). Additionally, the ZephyrVM is meant to replace the need of running your own infrastructure with an indexer and retrieve in real time what you want (with total customizability) from the network by writing a “simple” program, and there are still many features missing to achieve real feature completion and have the service be in fact comparable with running your own infrastructure, including database-related features (full control over your tables or defining your own queries, which is currently done manually), and VM-specific improvements on the host environment to allow for more functionality (testing toolkit, better database client, env objects for optimization, websocket alerts, etc). Another very powerful feature we also want to implement is to allow for a serverless-alike functionality for certain defined functions, so that they can also potentially process their own queries in case the custom querying functionality we already aim to implement isn’t enough. The ability to define such functions within your Zephyr program allows you to have full control over your tables (for example, have authorized functions that load data in the tables if required), over the querying (for if you need to for instance process scvals in the queries or simply need to form highly complex queries). Additionally, for programs that only need to access the current state (imagine an AMM router) you can write zephyr serverless functions to give the best path by simply accessing the ledger state and processing it, making it cheaper as it won’t be executed for every ledger close. Specifics about these improvements can be found in the architecture document. This part of the submission, while probably the most “boring” one (thus why most of the details are in the architecture docs), is one of the most important and expensive in terms of time required. A complete ZephyrVM integration can be extremely powerful for the Stellar/Soroban ecosystem, extensively tightening the gap between projects and custom processed data. Once the code is safe we will also open-source the ZephyrVM (the code is currently available for a few trusted testers) and publish an open-source indexer reliant on zephyr programs which you can connect to your database. We still strongly believe that one of the biggest advantages of using Zephyr is for it to be no-setup without having to bear infra costs and maintenance, but some services might prefer their indexing to run on their own servers with the ability to build the ingestion logic leveraging the Zephyr SDK along with its tooling. The ZephyrVM integration is also part of the Mercury Ecosystem we describe below, having also it’s management panel in the Mercury Dashboard we will later describe:

Building the Mercury Ecosystem

Completing the ZephyrVM integration means that the ecosystem can now rely either on Mercury to easily subscribe and retrieve data directly from stellar core, or on a Zephyr program for when Mercury’s pre-built structures aren’t enough for the use-case. However, as mentioned before, we see the potential for Mercury to grow beyond its current state. To make Mercury the one-stop for projects to scale their on-chain apps, we propose 3 macro-components:

The Mercury dashboard and related components.

The Mercury “simulator” and ledger API.

Testing studio.

Simulator and Ledger API

We want projects and users that rely on Mercury to avoid the necessity of depending also on additional services to simulate their transactions or to access ledger entries (the two most common practices of the RPC). Because we’re obviously already running our stellar core nodes to provide customers with data directly from the network, there’s no added cost for us to implement a very lightweight and graphql version of the RPC’s getLedgerEntries method. This ledger API can be easily integrated into a Mercury-specific fork of the new versions of Soroflare, an open source wrapper of Soroban’s simulation with the possibility of customizing the ledger in the VMs state, also built by Tommaso (note: the work on Soroflare is not part of this submission). The resulting integration, along with a very light Mercury SDK (wrapper of stellar-sdk tx assembly for working with Mercury), will enable our customers to simulate their Soroban transactions and obtain the current ledger entries with expiration as well (note that the entries functionality already exists in Mercury, but will store the entire history of the entry). Note that the simulator is not a Soroban RPC and due to its design has also an important part of Mercury’s “testing studio”, which as you’ll see below powers both Zephyr and Soroban testing activities.

Testing Studio

While it’s relatively easy to write Zephyr code for Rust-familiar folks with a good understanding of the network’s data structures, a big drawback that currently exists on Mercury is the inability to test the programs against meaningful data for your testing flows. To this purpose we will create a testing studio, both on the mercury dashboard and as helpers in the Zephyr SDK. You will have the possibility of simulating calls to an existing contract or load test snapshots from your contract’s tests. Our sdk will do the heavy lifting to construct and translate the tests/execution results into ledgerclose metas and you’ll be able to test Zephyr out, at least for what regards Soroban interactions. Besides being able to test Zephyr programs against real/tweaked data, the testing studio is also meant for users and developers to test Soroban itself, always with data-centered applications:

Snapshot the network entries you’re interested in within your Soroban rust tests through our SDK. This is particularly useful for contracts that are relying on other contracts in their workflows. For example, for testing out flash loans or oracle contracts without having to install and build them and by relying on real protocol data.

From the dashboard, save and manage checkpoints of the ledger state you’re interested into to replay them either in soroban tests or Zephyr programs.

From the dashboard, interact with on-chain contracts without actually submitting transactions (a gadget that can be potentially embedded also by dapps for witnessing and visualizing actual effects of the transaction without submitting it).

Again, this non-zephyr part of the testing studio is specifically designed for Soroban applications that are relying on other contracts, so besides the testing ease of trying out your code interacting with real chain data within your cargo tests (which is cool, but unit testing for production protocols should generally also rely on a “blank” or no-state version of the chain, i.e the tests-only snapshots), it’s perfect for things like arbitraging contracts, flash loan liquidation contracts, etc which will generally also need to index data off-chain to trigger execution. We don’t aim to provide a full testing framework for Soroban, but rather to provide our clients (or whoever needs to index data) with the best experience possible given the resources we have already available from the other features of the environment.

Dashboard

The dashboard is the UI that enables access to all of the features offered by Mercury, while also helping customers manage data subscriptions, Zephyr activity, simulation and testing under named projects. Similarly to Web2 developer-oriented services, the dashboard would serve the purpose of creating projects and managing all of the components. The dashboard in Mercury also has the purpose of highly lowering the entry barrier required for working with Mercury. For example, developers will be able to rely on our Subscriptions Builder: this will be integrated with the Mercury Transaction Simulator, so users will be able to simulate transactions from our dashboard (or they will also able to import test snapshots from your Soroban rust tests) and display all emitted events and changed/created entries, which you can click on to open a dialogue for creating subscriptions starting from that structure’s layout. The dashboard is also responsible for all the generated code snippets that we provide the users with to immediately get started into integrating Mercury’s indexing and transactions simulation, testament to the fact that we plan for indexing to be easy for all developers, even entry-level developers trying to test Soroban/Stellar. Below is an example of how we envision combining some of these dashboard features to create a new Mercury-only (no Zephyr) project, set up subscriptions and get your code snippets to immediately provide your front ends with Mercury’s indexing and simulation capabilities:

User defines the initial settings for their lending protocol data workflow:

User imports test snapshots from rust SDK to display data segments their can subscribe to (with all the required customization for smart contract objects, so for instance in this example subscribe to all entry changes that have a vector that begins with the balance symbol as contractdata key scval):

Preview all the snippets to retrieve and parse the data you’re about to subscribe to with Mercury simulation snippets for your methods as well if needed.",,,https://mercurydata.app/,https://github.com/xycloo,https://youtu.be/9P5lyu4Tuyg,,,,,,,"Federico Carlos De Ponti, Tommaso De Ponti",,,https://twitter.com/xyclooLabs,https://discord.gg/caqz3MeXCv,
Dfns,SCF #25,Dfns Stellar Support,Dfns,Infrastructure & Services,https://communityfund.stellar.org/dashboard/submissions/reciEIStd1IvAErh8,Awarded,,SCF Legacy Award,$25000.00,$25000.00,174645.52,3/29/2024,Legacy v5.0 Activation Award,"Dfns is a leading MPC wallet as a service platform, supporting banks, fintechs, tokenization platforms and more.","Dfns was founded in 2020 and raised $20m in funding by firms like ABN Amro, Figment, Coinbase SIG, Wintermute, Station F, Techstars and others. Today we over 30 people globally, largely on the security and engineering side, and support over 75 large fintechs, exchanges, payment platforms, decentralized applications. What we built is a secure and programmatic wallet as a service platform that leverages MPC technology, enabling developers at companies to deploy a secure wallet infrastructure via a single API integration so that they do not have to worry about the complexities of key management and/or key shares, so they can focus on their core product offer and user experience.

The market lacks a comprehensive platform for enterprise-grade wallets-as-a-service. While existing options cater to specific use cases like gaming and social apps, they prioritize features like fast logins and NFT capabilities. Instead, Dfns focuses on security, programmatic governance (policies, permissions, quorums, etc.) and composable deployments of keys and services leveraging TEEs (Trusted Execution Environments) and HSMs (Hardware Security Modules) that meet FIPS 140-3 standards.

At the heart of our offerings is our wallet development platform. It supports various interfaces like UI, API, SDK, and iFrame, giving teams the flexibility to manage both custodial and non-custodial wallets. This includes everything from treasury management to integrating wallets directly into user experiences. We empower organizations and applications to implement robust and secure wallets with broad capabilities while maintaining a seamless UX through familiar login methods like TouchID, FaceID, PIN code, password, or YubiKey.

As Board member of the MPC Alliance and the only web3 infrastructure company member of the W3C WebAuthn working group, Dfns stands out with top-tier auditors like Kudelski Security, Redacted and Deloitte, and a brilliant team of world-class cryptographers and security experts. This level of expertise and accreditation is rare in the industry.",,,www.dfns.co,,https://dfns.notion.site/Welcome-to-Dfns-bea52b2fd64f4129be25f1769332ca4f#2301c5e6c4434f23a55377ac0b684d60,,,,,,,Thibault de Lacheze-Murel,,https://linkedin.com/company/dfnshq,https://x.com/dfnsHQ,,
Forge,SCF #25,Forge,Forge,Infrastructure & Services,https://communityfund.stellar.org/dashboard/submissions/recHPx4sYDpySiM0H,Awarded,,SCF Legacy Award,$39630.00,$39630.00,305331.86,4/3/2024,Legacy v5.0 Activation Award,Streamlining Horizon API and Soroban RPC node deployment and management.,"Forge is a Horizon-as-a-service and RPC-node-as-a-service platform.

Stellar's native Horizon service is a good service right now, but we envision that with the growth of the ecosystem it might become overcrowded and communities may want to have their own Horizon-as-a-service node. When it comes to RPC nodes, based on our research, the majority of the current RPC providers are bigger companies not necessarily targeting startups/SMBs with their pricing - https://developers.stellar.org/network/soroban-rpc/rpc-providers.

We believe that by building Forge natively for Soroban we will be able to better coordinate and suit our product offerings/price to the growing ecosystem of new startups. When it comes to the challenges of scalability and managing huge data that is being kicked out by the network, we will be using the following approach:

Horizon-as-a-service - We will be using the Enterprise n-Tier approach, where data will be ingested using redundant captive core instances. At the same time we will have several API servers running as those do not require much processing and storage themselves - data is stored in DB cluster - 1 API role instance for each client, also maybe transaction submission role if requested. Our plan is to have 1 database cluster and up to 5 API instances in the beginning. As we will be monitoring the system we may increase the number of API instances based on different metrics. In the future we plan to make a copy of the whole cluster not to have DB as the single point of failure - follow the Redundant Hot Backup schema - https://developers.stellar.org/network/horizon/admin-guide/scaling#redundant-hot-backup. That way we'll make the system more fail-safe and scalable.

Soroban RPC as a service - if a user wants to spin up Soroban RPC we can provide that service as well - we will create the same architecture - single scalable database and several Soroban RPC services to save storage and network resources.

For now the plan is to store 30 day history and then increase the history window gradually as more and more users use the service. We will be using a Load Balancer for serving user requests. We will be running a single (or maybe two, for redundancy measures) node as a public gateway of our infra and propagating data inside the infra for the Ingestion.

Copy-on-write and database sharding are interesting areas for us to explore. While this is not part of the submission, we will explore these technologies to see how difficult/efficient it will be to implement them. When it comes to infrastructure, after receiving a request to create a node for a new customer, our automation and orchestration tool (AOT) will connect to Cloud Provider API and request to create a dedicated virtual machine with predefined configuration (CPU, RAM, Storage). We can configure our AOT to interact and deploy nodes with different Cloud Providers including big ones like AWS/Azure/GoogleCloud and any small ones like Hetzner/Linode/Vultr, also it could interact with on-premise virtualization like VMware/Proxmox/Nutanix. We also can deploy nodes directly on different managed Kubernetes clusters in cloud or on-premise. For now, we choose to use dedicated and individual nodes for customers to have predefined and guaranteed performance, for start we think to provide nodes with 4 CPU / 8GB RAM.

We are also exploring an option to deploy our own bare metal infra in North America and Georgia (Eastern Europe) to optimize our cost base and offer a lower price to our clients.

Our target audience are startups. We believe that all the activation and community awards grantees are a perfect audience for us to outreach. Since the ecosystem is so early, it's so much easier to develop strong partnership bonds.",,,https://www.forgerpc.com/,,https://youtu.be/ywzp7KnazSo,,,,,,,Giorgi Tepnadze,,,,,
PipeOps,SCF #25,PipeOps,PipeOps,Infrastructure & Services,https://communityfund.stellar.org/dashboard/submissions/recpCRmHBSmkdBEr9,Awarded,,SCF Legacy Award,$48000.00,$48000.00,349195.03,3/28/2024,Legacy v5.0 Activation Award,"PipeOps is a cloud Infrastructure product that allows for devs to deploy, automate, manage and scale their cloud Operations easily","PipeOps is a cloud infrastructure that allows developers to deploy their products to the cloud, or connect their native servers like AWS, GCP, Azure and deploy, automate, manage and scale their applications. PipeOps will setup and maintain a reliable and scalable Horizon instance for the Stellar network and have available as an add-on our infrastructure where Stellar devs/businesses can easily connect to the Stellar network and build/maintain Stellar-based projects on the network. Also, PipeOps will be setting up a geo-distributed Horizon instance in different regions including Africa to bring the Horizon API closer to its end users in Africa and other global users.

Benefits to the Stellar ecosystem:

Improved Availability and Reliability: By hosting a Horizon instance, this supports the ecosystem and devs by giving them more options to choose from to connect to the Stellar network. This will be as easy as installing an add-on in their cloud environment via PipeOps and they are connected to the network. This minimizes downtimes and makes the network's services highly available.

Distributed Access and Reduced Latency: By deploying a geo-distributed Horizon instance across different locations globally, we will be bringing the Stellar network API closer to its users in different locations. Basically, users can pick the region they want to connect easily. We will also be bringing the Stellar Horizon API to Africa. This will reduce network latency and improve the overall performance of the network.",,,https://pipeops.io,, https://www.loom.com/share/978c67dcebde47d7b1a94a073df1f1d4?sid=5df1dc77-aed4-4b8a-8514-bcf0ab3cf9f2,,,,,,,"Alex Idowu, Alex I",,https://www.linkedin.com/company/pipeops/,https://x.com/pipeopshq,https://discord.gg/PQscGtfFD2,
Certik,SCF #25,Stellar Skynet & SkyInsights,Certik,Developer Tooling,https://communityfund.stellar.org/dashboard/submissions/recYJNdSR6lx5fl4w,Awarded,,SCF Legacy Award,$49997.00,$49997.00,455686.39,4/18/2024,Legacy v5.0 Activation Award,Building Stellar chain support to CertiK’s Skynet for community security and SkyInsights for compliance/risk monitoring.,"CertiK aims to enhance the security and compliance/risk monitoring infrastructure of the Stellar ecosystem through two solutions: Skynet and SkyInsights. Skynet is the leading Web3 security platform that focuses on the community, monitoring security metrics for over 10,000 projects. It provides users with crucial security data for projects and timely alerts about incidents, enhancing transparency and trust. Since its launch in 2020, Skynet has made security information accessible to all crypto users, attracting millions of monthly visitors to skynet.certik.com. Skynet profiles summarize over 20 security metrics into an easily understandable score, covering aspects such as security audits, past incidents, bug bounty programs, and on-chain activities. Currently, Skynet does not support the Stellar ecosystem. The SCF grants will assist in developing a dedicated Security Leaderboard for Stellar-based projects.

SkyInsights is a platform for compliance and risk monitoring, ensuring projects remain compliant with emerging crypto regulations globally. SkyInsights features tools for KYC-Wallet Address Screening and KYT-transaction monitoring, alongside customizable alerts for real-time threat detection and risk management. As Stellar's adoption increases, SkyInsights' monitoring for illicit activities and flagging for compliance will become crucial for projects seeking an affordable and effective tool to manage risk. It stands as the only platform combining security focus with compliance and risk management, providing Stellar projects with access to CertiK's extensive database on illicit actors.

Together, Skynet and SkyInsights will enhance Stellar's security and compliance infrastructure, driving user trust, attracting new projects, and fostering greater transparency.",,,Skynet - https://www.skynet.certik.com / SkyInsights - https://www.certik.com/products/skyinsights,,Skynet - https://www.youtube.com/watch?v=YP77YMqsaX4 / SkyInsights - https://www.youtube.com/watch?v=T-BoUMKYIC8,,,,,,,Kayvon Hosseini,,https://www.linkedin.com/company/certik/,https://twitter.com/CertiK,https://discord.com/invite/certik,
Stellar Razor and Blazor Suite,SCF #25,Stellar Razor and Blazor Suite,Stellar Razor and Blazor Suite,Developer Tooling,https://communityfund.stellar.org/dashboard/submissions/recZAb3KITV9paodq,Awarded,,SCF Legacy Award,$40000.00,$40000.00,279432.83,3/29/2024,Legacy v5.0 Activation Award,A suite of open-source DotNet Razor and Blazor UI components that abstract Stellar blockchain operations to one-click.,"Sure, please provide the content from f.",,,,,,,,,,,,"Steven Bret Tomlinson, Joshua Kassabian",,,,,
Soroban CLI Cross Platform GUI,SCF #25,Sora,Soroban CLI Cross Platform GUI,Developer Tooling,https://communityfund.stellar.org/dashboard/submissions/recqSpSssYoXYgmqp,Awarded,,SCF Legacy Award,$77500.00,$77500.00,706356.29,4/18/2024,Legacy v5.0 Community Award,Sora is your essential companion toolkit for developing Soroban smart contracts.,"Developing Soroban smart contracts on Stellar requires a deep understanding of soroban-cli, a command-line tool filled with numerous commands, arguments, and frequent changes that can be complex and intimidating, thus making the development process error-prone and cumbersome. Such challenges can slow down development, deter developers from fully exploring the capabilities of Soroban, and thereby limit its adoption.

Soroban CLI GUI was born to address these challenges by providing an intuitive graphical user interface (GUI) application that abstracts soroban-cli to simplify the process of developing Soroban smart contracts. It provided a point-and-click interface to reduce the learning curve and potential for manual errors associated with command-line interactions, thereby making Soroban more accessible to a wider audience of developers and users. After its initial release, it was well received by the developer community with 10+ stars, 25+ downloads, and positive feedback in two weeks.

Soroban CLI GUI now becomes SORA to reflect its broader scope and enhanced capabilities. Evolving into SORA, the tool transitions beyond merely a GUI for soroban-cli, embodying a comprehensive suite aimed at enriching the Soroban development journey. New features like the Events Page for real-time contract event monitoring, the Lab Page for delving into Soroban's experimental functionalities, and the AI Command Constructor for translating natural language into executable commands, SORA is redefining the ease of Soroban contract development. This evolution is further supported by a Soroban AI Assistant for on-demand guidance, a VS Code Helper Extension for integrated development workflows, and substantial user experience improvements, ensuring that SORA not only simplifies but also elevates the development of Soroban smart contracts.

This is the second submission of our project, following the approval of our initial proposal after a budget reduction, as we had applied with an idea rather than an MVP. Now, we present a fully functional project that has shown significant progress in development and user engagement, rebranded as SORA. With this submission, we are seeking its justified budget to further develop and enhance SORA's capabilities, ensuring continuous improvement and maintenance to become a demanded tool for Soroban smart contract development among developers.

You can watch the demo here: https://drive.google.com/file/d/1qHP7ZM4MlGhPxSExTLoUOV9m2jbDKet/view?usp=drivelink

Sora Benefits:

Simplifies the complex process of developing Soroban smart contracts, enhancing the developer experience, making it more accessible to all skill levels.

Reduces the potential for manual errors in command execution, leading to a smoother development process with actionable error messages and tips.

Abstracting over soroban-cli through user-friendly forms and interactive elements, enabling developers to efficiently execute commands, build and deploy contracts, with minimal error and without manual CLI interactions.

Transforms natural language commands into executable Soroban commands with the command constructor, streamlining the development workflow.

Provides instant, Soroban-related query through the Soroban AI Assistant, enhancing learning and problem-solving for developers.

Integrates seamlessly with VS Code, optimizing the development experience without needing to switch contexts.",,,https://github.com/tolgayayci/sora,https://github.com/tolgayayci/sora,https://drive.google.com/file/d/1E6Hd49CuBioWMfUsYWccJFoEQ7CsnmhP/view?usp=sharing,,,,,,,"Mert Köklü, Tolga Yaycı",,,,,
Sanctum,SCF #25,Private Payments on Soroban,Sanctum,Developer Tooling,https://communityfund.stellar.org/dashboard/submissions/recEXQ7VUoxGVHeZx,Awarded,,SCF Legacy Award,$85000.00,$85000.00,639381.37,4/9/2024,Legacy v5.0 Community Award,"Sanctumis a non-custodial privacy-preserving payment system, with several compliance-friendly safety features.","Sanctum is a non-custodial privacy-enhancing payment system. Transactions on Sanctum are private by default, meaning the identities of the senders and recipients are unknown to the public and the amounts are also hidden. Moreover, the system targets regulatory compliance by implementing the following features:

- Blacklisting: When a user is blacklisted, say in response to a warrant or a known DeFi exploit, any transaction where that user is a sender or a recipient can be decrypted by an authorized party. That is, the law enforcement party is provided a decryption key for accessing all transactions involving that blacklisted user. The key is generated by a decentralized mechanism where, say, all parties in a committee approve the decryption request upon verifying the warrant. The access structure policy implemented by this committee is configurable -- for instance, any m out of n committee members can approve the request.
- Proof of Innocence: As the set of blacklisted addresses grows, any payment must additionally prove that the sender and recipient are not blacklisted users, based on the most recent database of blacklisted users. This so-called proof-of-innocence is zero-knowledge, thus providing anonymity.
- Anti-Money Laundering: Sanctum attempts to provide anti-money laundering (AML) by enforcing a privacy budget, wherein transactions remain fully private only until a certain cumulative threshold (say $10,000 a month) and any transaction that exceeds the threshold can be decrypted by an authorized party (e.g., a law enforcement party).
- Anonymous Credentials: Sanctum provides each user with a credential, which can be issued as a result of the KYC process. Sanctum works with the anon-creds system and is therefore agnostic of the identity provider. Sanctum verifies that a payment only occurs between users that have a valid credential, although the private attributes of the credential are never leaked.",,,https://github.com/zkbricks/,https://github.com/zkbricks/,,,,,,,,Rohit Sinha,,,,,
FROST Implementation,SCF #25,FROST Implementation,FROST Implementation,Developer Tooling,https://communityfund.stellar.org/dashboard/submissions/recVKtrzbVBHALJF0,Awarded,,SCF Legacy Award,$15000.00,$15000.00,109601.05,3/26/2024,Legacy v5.0 Activation Award,"Proof of Concept implementation of FROST, a threshold signature scheme based on the Schnorr signature, using the WebRTC protocol.","The goal of this project is to implement a threshold signature protocol that provides a scalable, performant, flexible, and privacy-preserving alternative to the current multisignature solution used in the Stellar/Soroban ecosystem.

The current multisignature implementation with a threshold t does not scale well with the number of participants (maximum of 20) because t signatures need to be submitted on-chain and verified in consensus. If more than t signatures are submitted, the transaction fails. Besides that, the network knows which accounts signed the transaction, which is not good for privacy.

Our proposal solves these issues because the FROST protocol is done completely off-chain. It starts with a Distributed Key Generation (DKG), where a secret key is generated that no single participant knows of. Instead, the participants generate shares of that secret key, that they can later use to sign a transaction. This is done by using the Pedersen's variation of the Shamir's secret sharing scheme, which allows the participants to verify their shares and does not require a trusted dealer. Our solution is:
- More scalable and more performant: Only a single Ed25519 signature is submitted to the network and is independent of the number of signers.
- More flexible: The number of signers is flexible between a minimum threshold t and the total number of participants in the protocol n.
- More private: The output Ed25519 signature is indistinguishable from any other signature on the network, and the signers are not known because the signing protocol happens off-chain.",,,,,https://youtu.be/GDPLUTX7uds,,,,,,,"fiono11, fiono11 ",,,,,
Stellar-Nest,SCF #25,stellar-nest,Stellar-Nest,Developer Tooling,https://communityfund.stellar.org/dashboard/submissions/recPokqT9ma4wpqQE,Awarded,,SCF Legacy Award,$14800.00,$14800.00,111327.58,4/8/2024,Legacy v5.0 Activation Award,Easy way to kickstart a project in Stellar with Nest.,"Stellar Nest provides an easy way to kickstart a project in Stellar with NestJS. One module to rule them all.

Taking advantage of NestJS's versatility, stellar-nest provides a pre-configurable module. This means that both users unrelated to the Stellar ecosystem and those aiming to accelerate their Node.js development will find a pleasant surprise when using stellar-nest.

Drawing on the best practices recommended in the Stellar documentation, this module will enable a quick start. However, it will remain fully customizable depending on the development needs and will adapt accordingly. For instance, initializing the module in 'TESTNET' mode would generate an instance of the serverService pointing to the testnet server, utilizing the appropriate Network Passphrase depending on the mode. Nevertheless, this doesn't compromise power; at any point, you can modify the server configuration directly from the module, and this configuration would be applied to the serverService (which is actually the extended Horizon.server class).

For example, upon creating accounts, you could establish an initial trustline or choose an initial balance, all according to business rules. All of this will be completely customizable from the module configuration.

One module to bring them all.

Although it could be useful for various use cases, one of the main objectives is to accelerate certain processes and introduce Stellar to non-blockchain developers. With this recommended default configuration, it would be easy for them to integrate Stellar into their projects even if they are not directly related to blockchain.

In the land of development, where magic meets code, stellar-nest proposes working based on use cases, making it more intuitive to choose the utility to use depending on the circumstance. Leveraging the magic of TypeScript and Nest, a series of decorators, pipes, and additional functionalities are being prepared.

An easy example would be the balance decorator @BalanceParam(). For instance, a startup's service may want to retrieve the balance of an account based on a parameter, body, or formData when a controller is used, without needing to adapt the logic to fetch balances. @BalanceParam allows specifying the parameter name, along with additional configuration such as specifying the asset_code to know the exact balance of that account, thus enabling early return if a certain condition is not met, even before executing other logics.",,,https://github.com/Alkeops/It-s-not-another-package,https://github.com/Alkeops/It-s-not-another-package,https://www.loom.com/share/012bc2546b584d8c8d1c30f37cdbeefc?sid=b20238a9-cbb0-4122-a810-d26231cf2fb4,,,,,,,"alkeops, alkeops ",,,,,
SorobanHub,SCF #25,SorobanHub,SorobanHub,Developer Tooling,https://communityfund.stellar.org/dashboard/submissions/recxRNH1fR2fkoj4w,Awarded,,SCF Legacy Award,$32000.00,$32000.00,233815.57,3/26/2024,Legacy v5.0 Activation Award,"Manage, monitor and interact with your deployed contracts from a single and free to use desktop app.","Developing Soroban smart contracts is easier than many other blockchains thanks to the fact that they are built mainly in Rust, but something that still is a pain is managing contracts once they are deployed. I as a developer who already have a couple of contracts in Futurenet, Testnet, and Mainnet where each one of them has different accounts, different keys, different numbers, variables, and a big etc have faced this exact same problem and I'm 100% sure many more will face it in the future because the more the network grows, the more contracts will need to be managed.

So, here comes SorobanHub. SorobanHub is a single desktop app that serves as your control center and it allows you to keep everything organized in a single place. If you're like us that we need to manage SorobanDomains, WenMeridian, and FxDAOs contracts on different networks at the same time, you will find that using command line files can get messy pretty quickly.

SorobanHub is not just an ""extension"" of the Soroban CLI, instead, it is an app that uses different tools available like the Soroban CLI, the Stellar SDK, and others to make the management tasks easier. From simple things like checking the expiration date of key values on your contracts to more complex stuff like upgrading your contracts and executing them directly from the interface.

And because we know this is a tool that could add a lot of value to the ecosystem, we believe it should be free to use to all developers on the network so that's why it will be a free to download and use desktop app.",,,,,,,,,,,,Enrique A.,,,,,
NearX - Dev Educational Program,SCF #25,Dev Educational Program,NearX - Dev Educational Program,Education & Community,https://communityfund.stellar.org/dashboard/submissions/rec0XaDF02evmi06n,Awarded,,SCF Legacy Award,$14990.00,$14990.00,115491.41,4/3/2024,Legacy v5.0 Activation Award,Comprehensive educational program for web2 developers to master Stellar &amp; Soroban coding.,"1. What the product is: The Stellar Developer Program is a Portuguese comprehensive educational initiative aimed at empowering developers to build on the Stellar blockchain. It includes 4 online workshops, resources, and support to facilitate the creation of decentralized applications (DApps) and financial tools on the Stellar network.

1. What problems it solves, how it solves them, and what audience it solves them for (explain the benefits): The program addresses several challenges in the blockchain development space:

Lack of Developer Resources: Many developers lack access to comprehensive resources and support for building blockchain applications, compounded by language barriers that limit access to English-language materials.

Complexity of Blockchain Development: Developing on blockchain platforms can be complex and requires specialized knowledge, further challenging developers who face language barriers in accessing relevant documentation and tutorials.

Limited Awareness and Accessibility: In certain regions, many developers are unaware of the existence of blockchain technology or lack access to information about its potential applications and benefits, hindering adoption and innovation.

The Stellar Developer Program solves these problems by:

Providing Comprehensive Resources: The program offers 4 online workshops, tutorials, documentation, and code samples available in Portuguese, overcoming language barriers and ensuring accessibility to developers worldwide.

Fostering Adoption: By enabling developers to build innovative DApps and financial tools on the Stellar network, the program contributes to the growth and adoption of blockchain technology globally, transcending language barriers and promoting inclusivity in the blockchain community. Additionally, the program's outreach efforts raise awareness about blockchain technology and its potential applications, reaching developers in underserved regions and empowering them to participate in the blockchain ecosystem.

The program benefits developers by:

Empowering them to leverage blockchain technology to create decentralized applications and financial services.

Providing them with the necessary resources and support to overcome technical challenges and bring their ideas to life.

Enabling them to contribute to the growth and development of the Stellar ecosystem.

1. Most importantly, how it works and how it uses Stellar and/or Soroban: The Stellar Developer Program works by providing developers with the knowledge, resources, and support they need to build on the Stellar blockchain. Key components of the program include:

Workshops and Tutorials: The program offers 4 online workshops and tutorials covering various aspects of blockchain development, including smart contract development, token creation, and decentralized finance (DeFi) applications.

Documentation and Code Samples: Developers have access to comprehensive documentation and code samples to help them understand and implement best practices for building on the Stellar blockchain.

The program includes:

Stellar and Soroban Primer

Advanced Rust and Soroban Techniques

Building First Dapp on Stellar with Soroban

Exploring Data Indexing with Stellar and SubQuery

Subject to the grant being received, we would run this program 6-10 weeks after award, allowing time for curriculum development and marketing. The course materials would be made available to the wider public and Stellar community as an education resource.",,,https://nearx.com.br,,,,,,,,,"Caio de Mattos Azevedo de Paula, Vitoria Rodrigues",,,https://twitter.com/nearxschool,https://discord.gg/nearx,
Cryptoconexión,SCF #25,StellarEdu by Cryptoconexión,Cryptoconexión,Education & Community,https://communityfund.stellar.org/dashboard/submissions/recXsnxgpZH5CqxAF,Awarded,,SCF Legacy Award,$15000.00,$15000.00,112331.36,4/9/2024,Legacy v5.0 Activation Award,A structured educational program in Spanish and Portuguese to engage developers interested in Stellar and Soroban,"CryptoConexión is an education platform specialized in Web3 and decentralized economy. Since launching in October 2021, we have become a trusted resource, delivering more than 100 free tutorials and 2 in-depth directories, featuring prominent collaborators, interviews with influential figures, profiles of major projects and personalities.

StellarEdu by CryptoConexión is a way for us to contribute to the Stellar ecosystem, by building a transformative educational initiative addressing the common challenges faced by developers, often uncertain about where to begin when learning new technologies. Language barriers further exacerbate these challenges, as many educational resources are primarily available in English. StellarEdu is an educational initiative designed to empower developers from beginner to advanced levels by providing comprehensive training in both Stellar and Soroban, in Spanish and Portuguese.

What is StellarEdu by CryptoConexión? It is a structured learning program comprising beginner-friendly tutorials, workshops, and instructional videos in Spanish and Portuguese. It covers a spectrum from fundamental concepts to advanced skills, guiding developers through the intricacies of Stellar and Soroban. It provides a starting point for developers and guides them through the complexities of Stellar and Soroban.

What problem does it solve? StellarEdu presented by CryptoConexión solves the issue of entry barriers that builders, developers, and users encounter in the dynamic world of blockchain technology. Many developers struggle to find accessible resources in their native languages, hindering their progress. Our program empowers developers, and builders in general, who speak Spanish and Portuguese, by providing clear, locally available, and comprehensive learning materials, fostering proficiency and innovation.

Activities: StellarEdu leverages a carefully curated curriculum, including hands-on tutorials structured in different learning paths, workshops, instructional videos, and events to guide learners through the practical aspects of working with Stellar and Soroban. From understanding the basics to developing advanced skills, participants gain a holistic understanding of these technologies, fostering proficiency and creativity in blockchain development. For the development of some of these activities, we will have the collaboration of Vottun, which is a service provider approved by SDF. The details of all activities to be carried out in the program are outlined in this deck, named 'StellarEdu Content Plan' where we define each of the deliverables.",,,,,https://www.youtube.com/watch?v=8nd2KqUQ3cE,,,,,,,"Ana  Lopez, Monica Talan",,https://www.linkedin.com/company/cryptoconexion/posts/?feedView=all,https://x.com/cryptoconexion,,
Soroban and Stellar Content,SCF #25,Soroban and Stellar Content,Soroban and Stellar Content,Education & Community,https://communityfund.stellar.org/dashboard/submissions/recGYi64cLQpzppJU,Awarded,,SCF Legacy Award,$10000.00,$10000.00,74887.57,4/9/2024,Legacy v5.0 Activation Award,"Educational video content about Soroban and Stellar for over 160.000 followers. Cross border payments, CBDCs and smart contracts.","I am a content creator in TikTok, Youtube, Instagram, Telegram, Twitter/X with over 160,000 followers. I have been sharing content about the Stellar ecosystem for over 3 years now. And I would love to keep sharing about Stellar and Soroban. My proposal is to do a video campaign for the Spanish-speaking audience which focuses on explaining the 4 main objectives of the Stellar and Soroban ecosystem:

DeFi and smart contracts with Soroban
Tokenization
Payments
On and off ramps

Within these 4 broad topics, I would speak about the following:

Stellar as a solution for the unbanked
Stellar meets the real world: Over 81,000 locations, CBDCs, tokenization.
Soroban: A big opportunity for builders
DeFi in Soroban: Create a wallet and use protocols
Stellar as an access to the global financial system
CBDCs in Stellar: The blockchain for the future of money
Remittances and payments: Moneygram and Stellar unite forces
How easy it is to swap the money from the real world to USDC with Stellar and Moneygram
Circle launches EURC on Stellar
Stellar as a fast, cheap, and far more energy efficient blockchain

The video and written content will revolve around these topics. I would highlight how Stellar is focusing on CBDCs and asset tokenization, on ramps with collaborations like the one with Moneygram, and how Soroban will give Stellar smart contracts to work with all the assets on the Stellar network. Targeting both users and builders. Soroban, the new smart contract platform, needs visibility among DeFi users, and not only users, but also developers that will find Soroban through my content. The campaign's 88 varied content pieces, including long format videos, 100-second videos, written articles, and X posts, aim to educate on programmable money, blockchain, and fiat-crypto integration. With a target of 450,000 to 900,000 views, it aims to boost Soroban's adoption in fintech.

What the problem it solves, how it solves them, and what audience it solves them for:

This content campaign about Stellar and Soroban addresses two issues that, in my opinion, exist within Stellar: low presence on social media and lack of awareness about Soroban. To increase visibility, we would implement a strategy combining short vertical videos, long horizontal videos, stories, web articles, and posts on X for over 160,000 crypto-enthusiast followers. This campaign is dedicated to the Spain and LATAM community. Stellar has limited presence in these regions. However, with a reach of over 600,000 views, this community will engage more with the ecosystem, using XLM, creating wallets, and exploring Soroban's DeFi.

This is a list of videos where I speak about other blockchain’s and DeFi protocols’ in my social media accounts:

Stellar Blockchain: Payments, CBDCs and on ramps: https://youtu.be/Jbl8tzq1ll4?si=trOdX61t-83vy8FB
Avalanche Partnerships with Subnets: https://vm.tiktok.com/ZGeUVP6WW/
Chainlink oracle partnerships: https://vm.tiktok.com/ZGeUVMY77/
EigenLayer and what it means for Ethereum: https://vm.tiktok.com/ZGeUVkc1V/
DePIN projects and their tokenomics: https://vm.tiktok.com/ZGeUV6NwK/
Fantom: SONIC and Fantom Virtual Machine: https://vm.tiktok.com/ZGeUV4g5Y/
Ripple’s future AMM: https://vm.tiktok.com/ZGeUVHMe6/
Chainflip: DEX for non EVM blockchains (like Thorchain): https://vm.tiktok.com/ZGeUVDa27/
Thorchain vs Thorswap: What’s the difference: https://vm.tiktok.com/ZGeUVPVaF/
Tokenized US Bonds: RWA on Blockchain: https://vm.tiktok.com/ZGeUVVmL5/
Chainlink example for RWAs: Tesla https://vm.tiktok.com/ZGeUVDos3/
Bank of America suggests using Ripple’s ODL https://vm.tiktok.com/ZGeUVM36X/

And for Youtube:

Stellar Blockchain: Payments, CBDCs and on ramps: https://youtu.be/Jbl8tzq1ll4?si=trOdX61t-83vy8FB
Stargate: LayerZero technology for stablecoins swaps: https://youtu.be/CTEP2nPTx9k?si=AnygqodqdlyKkc6R
Asset Tokenization on Avalanche: https://youtu.be/4JxwyXtOZOU?si=NMgMQ9PG7HRZeUIv
Chainlink: The best oracle and key for RWA: https://youtu.be/vNMVwATetqI?si=MKNTw-Xz7RblhBDb
How does Thorchain work? https://youtu.be/BdCWIzqHQ4Q?si=C2OZHc9IMMv347Ri
How to stake ETH? Liquid Staking in Ethereum: https://youtu.be/hMXdLzMDg7E?si=K4CMIxgjxfw7OyeM
What is and how to use Monero? https://youtu.be/p6jdwyFPdKg?si=w6Trd4Ah8pjLsBzW
What is Avalanche? How does it work? Tokenomics? https://youtu.be/iJ7mHjxrewI?si=WLwPrydRaXrQYa",,,https://beacons.ai/noticiastrading,,https://youtu.be/Q9oh846lLsg,,,,,,,Antonio Verdu,,,https://twitter.com/noticiastrading,,
Phoenix,SCF #25,Phoenix Hub v3 NFT Marketplace,Phoenix,Financial Protocols,https://communityfund.stellar.org/dashboard/submissions/recI6IVWB26SsKBbx,Awarded,,SCF Legacy Award,$94500.00,$94500.00,861298.96,4/18/2024,Legacy v5.0 Community Award,"Phoenix will serve a delicious, Soroban-worthy NFT Standard and Marketplace combo that's flavorfully innovative!",,,,,,,Yes,,,,,,"Milan Steiner, Jakub#2923 ",,,https://twitter.com/PhoenixDefiHub,,
Blade: TradFi to DeFi Bridge,SCF #25,Blade: TradFi to DeFi Bridge,Blade: TradFi to DeFi Bridge,Financial Protocols,https://communityfund.stellar.org/dashboard/submissions/recggPol2z3X8Ndoi,Awarded,,SCF Legacy Award,$50000.00,$50000.00,385228.19,4/3/2024,Legacy v5.0 Activation Award,"Blade Labs utilizes Stellar &amp; Soroban to offer a suite for enterprises to tokenize RWA's, facilitating a transition to DeFi.","Blade Labs is pursuing the SCF Grant to implement an essential phase of our Web3 Digital Asset Platform into the Stellar network, concentrating on real-world asset tokenization. This integration phase involves leveraging our ASAP stack—Access, Service, Assets, and Platform—to enhance the Stellar ecosystem.

Access Layer: We will bring our Blade Wallet and Blade SDK to Stellar, allowing seamless access to Stellar-based digital assets through familiar web and mobile interfaces. This initial integration caters to users and enterprises transitioning from web2, simplifying their entry into the web3 space.

Service Layer: Our immediate goal is to incorporate Stellar's SDK into our Blade SDK, enabling transactions, account creation, and network history querying. This integration provides the foundation for our comprehensive suite, which includes analytics, exchange services, and a robust KYC/AML workflow essential for regulated digital asset management.

Assets Layer: Initially, our focus will be on enabling the tokenization and distribution of assets like CBDCs, stablecoins, and commodities on Stellar. We aim to make these assets readily accessible and liquid on the network, which is a vital step before expanding to more complex assets.

Platform Layer: Our priority is integrating with Stellar's public ledger, exploiting its decentralized features for asset trading and management. This initial phase lays the groundwork for future expansion to include the full capabilities of our platform, which is adapted to Stellar’s advanced features enabled by Soroban.

Deliverables for SCF Grant Period:
- Blade Wallet Stellar Network Integration: Enabling users to create accounts, display balances, and execute transactions on the Stellar network.
- Stellar SDK Integration into Blade SDK: Allowing developers to utilize Blade's tools to build on Stellar.
- Enterprise Client Onboarding: Securing the first B2B customer using Blade technology on the Stellar network.

These deliverables represent a focused scope that Blade Labs will execute within the SCF Grant period. They form the basis for further development and expansion of our entire tech stack on Stellar.",,,https://bladelabs.io,https://github.com/Blade-Labs ,,,,,,,,Eilidh Little,,,,,
OrbitCDP,SCF #25,OrbitCDP: CDPs on Stellar,OrbitCDP,Financial Protocols,https://communityfund.stellar.org/dashboard/submissions/recAH1SPekMp9LIYX,Awarded,,SCF Legacy Award,$100000.00,$100000.00,794424.41,4/12/2024,Legacy v5.0 Community Award,Collateralize your Lumens for a wide range of stablecoins with Orbit.,"What the product is:

Orbit allows anyone to take out stellar backed stablecoins soft-pegged to various different denominations, like the dollar, euro, and yuan. Creating a bridge between the volatile world of cryptocurrencies and the stability of traditional fiat currencies.

What problems it solves, how it solves them, and what audience it solves them for (explain the benefits):

Orbit aims to address several significant challenges within the Stellar ecosystem, with its primary focus on accessibility to a widen of currencies. Through Orbit stablecoins, individuals can retain their native currency and conduct transactions without the need for conversion to another currency. This capability not only streamlines transactions but also eliminates the associated costs and complexities.

The option to overcollateralize lumens to acquire these tokens, without concerns about price stability and trust, is paramount in the cryptocurrency realm. By enabling users to leverage their lumens as collateral, Orbit provides a secure and reliable means for accessing stablecoins, fostering greater confidence and participation in the Stellar ecosystem.

We want to promote financial inclusion, particularly among individuals in economically vulnerable regions such as South America, Africa, and Asia. By offering accessible and stable financial instruments, Orbit empowers individuals in these areas to participate in global commerce and financial activities, thereby contributing to their economic empowerment and growth.

Most importantly, how it works and how it uses Stellar and/or Soroban:

Orbit leverages Soroban to deploy its smart contract and incorporates other protocols on the Stellar network, such as Blend, to manage crucial functions required for system launch. Also the Stellar network was made to support digital representations of any currency, and we feel that our project aligns perfectly with that.",,,https://orbitcdp.finance/,,https://youtu.be/x7JXLHGe7xU,,,,,,,"Ishan Singh, Robin Olthuis",,,,,
Balanced,SCF #25,Connecting Balanced to Stellar,Balanced,Financial Protocols,https://communityfund.stellar.org/dashboard/submissions/recQKKkneN4Bw49s9,Awarded,,SCF Legacy Award,$50000.00,$50000.00,385228.19,4/3/2024,Legacy v5.0 Activation Award,Balanced is a cross-chain DEX and stablecoin that enablesnative cross-chain DeFi primitives for any ecosystem.,"Balanced is a cross-chain DEX and CDP-style stablecoin. You can connect your native wallet, deposit native collateral, borrow bnUSD, and swap native assets cross-chain with Balanced. A portion of the ICON network's monthly ICX emissions go towards liquidity in cross-chain liquidity pools.

You can see the benefits to the user from user reviews here: https://balanced.network/reviews/, the app itself here: https://app.balanced.network/, and the on-chain statistics here: https://stats.balanced.network/. We also have an active Discord community here: https://discord.gg/ru2bJ6JRxG.

There are 4 main services in this project. Balanced smart contracts - these are the DEX operations. xCall smart contracts - While our focus is on Balanced and the end user, this connection also provides the infrastructure for anyone to easily make arbitrary cross-chain function calls to any of the chains ICON is connected to. The ICON blockchain serves as a router if it is not the source or destination chain of these calls. Centralized relay - This relays messages between ICON and Stellar. We have implemented a variety of cross-chain protocols, ranging from trusted to trustless. Trustless bridging takes a lot more work and is a lot more expensive to verify source chain messages on the destination chain, so for the scope of this project we are focused on higher speed and lower transaction cost. There are currently two entities that operate the centralized relays, the ICON Foundation and Lydia Labs, and their on-chain messages must agree in order for a transaction to execute. Frontend user interface.

In this activation phase, we will translate the existing JVM/EVM/CosmWasm Balanced and xCall smart contracts to Soroban.",,,https://balanced.network/,"https://github.com/icon-project/xcall-multi, https://github.com/balancednetwork, https://github.com/icon-project/centralized-relay",https://www.youtube.com/watch?v=OE8doW77HT8,,,,,,,"arosh, cyrusvorwald ",,,https://twitter.com/BalancedDAO,https://discord.com/invite/DCa53m9wPq,
zkCrossDEX,SCF #25,Stellar zkCrossDEX,zkCrossDEX,Financial Protocols,https://communityfund.stellar.org/dashboard/submissions/recUhJNK7YD4XZNwm,Awarded,,SCF Legacy Award,$50000.00,$50000.00,349291.04,3/29/2024,Legacy v5.0 Activation Award,zkCrossDEX enables seamless cross-chain liquidity transfers from leading EVM chains to Stellar with a single click.,"Stellar zkCrossDEX Proposal: Phase One

1.0 Project Overview

We propose the integration of zkCrossDEX with the Stellar blockchain, aiming to elevate Stellar's position in the DeFi landscape. This initiative is set to bridge the gaps in interoperability and liquidity between Stellar and various blockchain networks. This collaboration seeks to expand Stellar's DeFi capabilities, attract a diverse user base, and increase its Total Value Locked (TVL). The Stellar zkCrossDEX, powered by our innovative zkCross Protocol, is designed to provide a seamless, one-click cross-chain DeFi experience, leveraging Stellar's efficient asset conversion and fiat on-ramp capabilities. This integration marks a significant step in redefining the standards of blockchain interoperability and liquidity solutions within the DeFi ecosystem.

1.1 The Solution

We propose the Stellar zkCrossDEX, a solution tailored to address the specific needs of the Stellar blockchain in the DeFi sector. Our approach focuses on enhancing Stellar's interoperability and liquidity through the following key features:

Seamless Interoperability: Utilizing our zkCross Protocol, we enable one-click, cross-chain transactions, simplifying the process of asset transfer and exchange across various blockchain networks.

Stellar Anchor Integration: Incorporating Stellar's Anchors in our ecosystem for fiat on-ramp simplifies users' entry into and exit from the crypto market globally.

Built-in DEX Synergy: Stellar's built-in DEX is leveraged to offer efficient and cost-effective trading within the platform, enhancing the overall user experience.

Broadening DeFi Accessibility: Our solution is designed to make DeFi more accessible and user-friendly, attracting diverse users, from crypto novices to experienced traders to the Stellar ecosystem.

Community-Driven Development: Engagement with Stellar's community for feedback, ensuring our solutions align with user needs and expectations.

Our solution is designed to improve Stellar's DeFi capabilities and make it a more accessible and appealing choice for both existing crypto enthusiasts and newcomers to the DeFi space.

1.2 Benefits of zkCrossDEX

The Stellar zkCrossDEX is designed to address several critical challenges and transform the Stellar's DeFi ecosystem:

Bridging the DeFi Infrastructure Gap: Currently, Stellar faces the challenge of an undefined Total Value Locked (TVL) due to a need for robust DeFi infrastructure. zkCrossDEX will provide the tools and platforms to establish a definitive TVL, attracting more DeFi activities.

Bridge Liquidity Gaps: zkCrossDEX will significantly enhance liquidity within the Stellar ecosystem by connecting Stellar with other significant blockchains.

Simplify User Interaction: The integration of the zkCross Protocol will offer a user-friendly interface, making DeFi accessible to everyone.

Boosting On-Chain Trading Volumes: The integration of zkCrossDEX will significantly increase on-chain trading volumes by facilitating more accessible and efficient transactions.

Simplifying Stellar Token Acquisition: Many potential users are deterred by the complexities of purchasing Stellar tokens through centralized exchanges. zkCrossDEX will streamline this process, making it more accessible.

Direct Fiat to Crypto Gateway: The intricate process of converting fiat to crypto in DeFi on Stellar will be simplified, providing a direct and user-friendly onramp and offramp.

Expanding User Base: By addressing these challenges, zkCrossDEX will retain and engage the existing community and attract new users and investors, expanding the Stellar ecosystem.

Foster Ecosystem Growth: With improved DeFi infrastructure, zkCrossDEX will stimulate the development of new dApps and attract more users and developers to Stellar.

1.3 Impact on the Stellar Ecosystem

Integrating zkCrossDEX with Stellar aims to profoundly impact the blockchain's DeFi landscape. This collaboration will significantly elevate Stellar's liquidity and Total Value Locked (TVL), broadening its appeal through a direct fiat gateway and an intuitive user interface. It will catalyze the development of diverse and innovative cross-chain dApps, enriching Stellar's ecosystem. Leveraging zkCrossDEX's cross-chain interoperability, Stellar is poised to emerge as a formidable player in the DeFi market. This initiative also underscores a commitment to community engagement and robust security, ensuring the ecosystem's evolution is both user-centric and secure.

2.0 zkCross Network Overview

zkCross network stands at the forefront of the DeFi revolution, offering a gateway to decentralized, trustless and comprehensive financial services. Our platform enables frictionless transactions from fiat to cryptocurrency across any blockchain, combining the simplicity of Web2 with the innovation of Web3. The core of our technology is the zkCross Protocol, a one-click solution that automates the complexities of blockchain interactions using smart contracts, making them invisible to the end-user.

2.1 Company Vision and Mission

Our vision is a cohesive DeFi ecosystem by developing and deploying DeFi infrastructure across all major EVM and non-EVM chains, allowing for the free flow of liquidity and assets across all blockchains. We believe the full potential of DeFi will be realized when liquidity and assets can seamlessly traverse the entire blockchain landscape without current technological or operational barriers. zkCross Network is dedicated to creating solutions that bolster blockchain interoperability and significantly enhance user experience in the DeFi space. Through the zkCross Protocol and the deployment of zkCrossDEXs on all major blockchains, we aim to foster a more inclusive, efficient, and secure DeFi environment with seamless liquidity and asset flow, irrespective of the token standard. This marks the beginning of our journey towards a unified and user-friendly DeFi ecosystem-powered Stellar Anchors.

2.2 zkCross Protocol

The zkCross Protocol is our proprietary cross-chain technology, enabling users to swap assets across blockchains with a single click using smart contracts. It is designed to handle the underlying complexities of cross-chain transactions, including smart contract interactions, liquidity sourcing, and token conversions. zkCross protocol is not just a tool but a foundational technology that can be integrated with blockchains to expand its DeFi capabilities.

2.3 The zkCross Network Ecosystem

The zkCross Network ecosystem is a comprehensive suite of DeFi Infrastructure-as-a-Service (IaaS) that includes:

Liquidity Pools: Supporting EVM and non-EVM tokens across blockchains.

Cross-Chain Bridges: Facilitating the movement of assets between blockchains.

zkCross Protocol: Enabling fast, secure, and user-friendly one-click cross-chain swaps.

Fiat Gateway: Direct Fiat on-ramp and off-ramp.

3.0 Stellar zkCrossDEX Roadmap: Phase One

Phase One is divided into two critical deliverables, each addressing fundamental aspects of cross-chain transactions and fiat integration within the zkCross Network ecosystem and Stellar zkCrossDEX. This section outlines the roadmap, focusing on integrating the zkCross protocol for seamless liquidity transfer from EVM chains to Stellar and incorporating Stellar Anchors for direct fiat conversions throughout our ecosystem.

3.1 Deliverable 1: Cross-Chain Liquidity Movement and zkCross Protocol Integration

Objective: Enable one-click liquidity transfer from EVM chains (Ethereum, BSC, Polygon, Arbitrum, Avalanche, and Optimism) to Stellar, facilitating seamless asset movement for users.

3.2 Deliverable 2: Stellar Anchors Integration

Objective: Integrate Stellar Anchors such as Alchemy Pay and Transak within the zkCross Network ecosystem and Stellar zkCrossDEX to enable direct fiat-to-crypto conversions on Stellar and other supported blockchains, enhancing Web2 user onboarding to DeFi.

3.3 Transak Anchor Integration Partnership

As part of our strategic approach to Deliverable 2, which focuses on integrating Stellar Anchors, we are poised to significantly streamline the process thanks to our existing partnership with Transak. Providing a solid foundation for facilitating seamless fiat-to-cryptocurrency transactions for our users. This pre-established relationship accelerates our timeline for implementing Stellar Anchor integrations and exemplifies our commitment to providing a comprehensive and user-friendly DeFi experience. By building on this groundwork, we aim to enhance the accessibility and efficiency of cross-chain transactions, ensuring that our users benefit from a smooth, secure, and direct pathway into the crypto ecosystem.

Stellar zkCrossDEX - Proposal link

https://zkcn.docsend.com/view/zv7t5jiwcsf897fk",,,https://zkcross.network/,https://github.com/zkCross-Network,https://docsend.com/view/tzmdddkr7te36wne,,,,,,,Shivam Tandon,,https://www.linkedin.com/company/zkcrossnetwork,https://twitter.com/zkCrossNetwork,,
