Submission / Project,Round,Submission Title,Project,Category (from Project),Submission URL,Status,Tranche Completion %,Latest Tranche (from Payments),Total Awarded (USD),Total Paid (USD),Total Paid (XLM),Most Recent Payment Date,Award Type,One-Sentence-Description,Products & Services,Technical Architecture,Success Criteria,Website,Code,Video,Use Soroban?,Go-To-Market Plan,Traction Evidence,Tranche 1 - Deliverables,Tranche 2 - Testnet,Tranche 3 - Mainnet,Team Members,Thumbnail,LinkedIn (from Project),X (from Project),Discord (from Project),Pitch Deck (from Project)
AuraPay,SCF #23,Aura | A Stellar EURC on-ramp II,AuraPay,Applications,https://communityfund.stellar.org/dashboard/submissions/recziPrVKcJ52HPDT,Awarded,,SCF Legacy Award,$84000.00,$84000.00,774829.1,2/5/2024,Legacy v5.0 Community Award,A licensed Fintech company in Europe building infrastructure to allow Latin Americans to send money back home.,,,,https://somosaurapay.com/,,https://www.youtube.com/watch?v=Q0o4YjnfFv0&feature=youtu.be,,,,,,,Sebastian Barrera,,,,,
PAYGO Crypto,SCF #23,PAYGOCrypto - Stellar,PAYGO Crypto,Applications,https://communityfund.stellar.org/dashboard/submissions/reckZmrJK4MDVG3lE,Awarded,,SCF Legacy Award,$16700.00,$16700.00,145369.1,1/30/2024,Legacy v5.0 Activation Award,"Empowering PAYGO distributors, the platform removes barriers for the unbanked. Aids both small and large-scale businesses",,,,https://app.paygocrypto.io,,https://www.youtube.com/watch?v=VUnfAZBa1oM,,,,,,,Precious Roy Nyenke,,,,,
Nobak,SCF #23,Nobak: Custodial Wallet Signer,Nobak,Applications,https://communityfund.stellar.org/dashboard/submissions/recsBO1vLdYFZMucB,Awarded,,SCF Legacy Award,$34500.00,$34500.00,309913.45,1/24/2024,Legacy v5.0 Activation Award,"Dive into Soroban's universe on Stellar, where the digital realm becomes your playground",,,,https://nobak.net,https://github.com/nobak-net/nobak-mobile,https://vimeo.com/902500425,,,,,,,"Julian Clatro, Jeronimo Lanza",,,,https://discord.com/invite/GR5cB3y2,
Gladius,SCF #23,"Gladius: play, learn, earn",Gladius,Applications,https://communityfund.stellar.org/dashboard/submissions/recfsyLeAtOamI3vm,Awarded,,SCF Legacy Award,$45000.00,$45000.00,391713.09,1/30/2024,Legacy v5.0 Activation Award,"Gladius gamifies education, connecting parents, sports clubs, and students with NFT prizes and rewards",,,,https://gladiusclub.com/,https://github.com/orgs/GladiusClub/repositories,https://www.loom.com/share/768990a8fadb45e497967b69232c5332,,,,,,,"Alexey Sirotkin, dcromp",,,,,
Tauvlo,SCF #23,Tauvlo,Tauvlo,Applications,https://communityfund.stellar.org/dashboard/submissions/recfgOVFwu6cukrrT,Awarded,,SCF Legacy Award,$45000.00,$45000.00,419646.9,2/7/2024,Legacy v5.0 Activation Award,Tauvlo is a tokenized real estate investment marketplace that makes investing in real estate accessible for everyone.,,,,,,,,,,,,,"TokenWay, Marek Hauzr, Michael Levi, Guillermo Alda",,,,,
Dropzey,SCF #23,Dropzey,Dropzey,Applications,https://communityfund.stellar.org/dashboard/submissions/recERxnKE8etaSrMs,Awarded,,SCF Legacy Award,$38500.00,$38500.00,335132.31,1/30/2024,Legacy v5.0 Activation Award,"Decentralized Airdrop Hub on Stellar Network.Create, manage, and participate in airdrops, with transparency and efficiency.",,,,https://dropzey.com/,https://github.com/zainh332/dropzey,https://www.youtube.com/watch?v=02n5_1r5tMM,,,,,,,Syed Zain Haider,,,https://twitter.com/i/flow/login?redirect_after_login=%2Fdropzeyofficial,,
Stellarchain.io,SCF #23,Soroban Contract Auditor,Stellarchain.io,Infrastructure & Services,https://communityfund.stellar.org/dashboard/submissions/recKACcbgfiocc06L,Awarded,,SCF Legacy Award,$100000.00,$100000.00,881593.2,2/14/2024,Legacy v5.0 Community Award,"Seamlessly audit and analyze Stellar smart contracts with Soroban, our powerful integrated tool on Stellarchain.io",,,,https://testnet.stellarchain.io/contracts,,https://www.youtube.com/watch?v=WTRK21GKkAc,,,,,,,"Fedot Sereoja, Florin Mangu",,,,,
Constellation Protocol,SCF #23,Constellation Protocol,Constellation Protocol,Infrastructure & Services,https://communityfund.stellar.org/dashboard/submissions/recL80NY0OnJCAbHG,Awarded,,SCF Legacy Award,$100000.00,$100000.00,861015.0,2/15/2024,Legacy v5.0 Community Award,Constellation Protocol gives anyone the ability to create and manage tokenized index funds on Soroban.,,,,https://github.com/constellation-protocol/constellation-protocol,https://github.com/constellation-protocol/constellation-protocol,https://www.loom.com/share/9f55cbc3eace4d24b889dba06835a5d2?sid=9b1d0539-171e-4c64-9c1f-5c68b083e28c,,,,,,,"Edward Kim, Ignacio Garcia Leon",,,,,
Skeeper - a keeper platform,SCF #23,Skeeper - a keeper platform,Skeeper - a keeper platform,Infrastructure & Services,https://communityfund.stellar.org/dashboard/submissions/recx1FddyJA3dibUN,Awarded,,SCF Legacy Award,$37500.00,$37500.00,326427.6,1/30/2024,Legacy v5.0 Activation Award,Skeeper provides smart-contract execution and automation tools and infrastructure for the Soroban ecosystem,,,,https://skeeper.xyz,,https://youtu.be/-6oxt2YZGR8,,,,,,,"Ilia Darsavelidze, libratus ",,,,,
SoroSplits,SCF #23,SoroSplits II,SoroSplits,Developer Tooling,https://communityfund.stellar.org/dashboard/submissions/receJWYlwJJb00Wrh,Awarded,,SCF Legacy Award,$94000.00,$94000.00,851360.6,2/13/2024,Legacy v5.0 Community Award,An open-source smart contract that enables the Stellar community to split on-chain payments in a trustless manner.,,,,https://www.sorosplits.xyz/,https://github.com/findolor/sorosplits-contracts,https://drive.google.com/file/d/1-_O_PoJ3UqjfhqTy3iv_tTNEGeovZafB/view?usp=sharing,,,,,,,"Arda Nakisci, Ignacio Garcia Leon, Michal Fiuk",,,,,
Scout,SCF #23,Scout - BugFighter for Soroban,Scout,Developer Tooling,https://communityfund.stellar.org/dashboard/submissions/recPOG1QJ1ggXcygp,Awarded,,SCF Legacy Award,$100000.00,$100000.00,881593.2,2/14/2024,Legacy v5.0 Community Award,"We will take Scout to the next step, to further aid developers and auditors in enhancing Soroban smart contracts security.",,,,https://www.coinfabrik.com/products/scout/ ,https://github.com/CoinFabrik/scout-soroban,https://drive.google.com/file/d/1xHL6sH5aOrXtoJzGcMnD6iMtV0Bm2ETO/view ,,,,,,,Valeria Caracciolo,,https://ar.linkedin.com/company/coinfabrik,https://twitter.com/coinfabrik,,
Sanctum,SCF #23,Soroban contracts with secrets,Sanctum,Developer Tooling,https://communityfund.stellar.org/dashboard/submissions/recdGy1JdPi0qtRpj,Awarded,,SCF Legacy Award,$50000.00,$50000.00,456675.2,1/31/2024,Legacy v5.0 Activation Award,"We are building ZK+MPC tech to enable smart contracts to compute on secret state, thus bringing privacy to the Stellar apps.",,,,https://github.com/zkbricks/mpc-zexe/,https://github.com/zkbricks/mpc-zexe/,https://docs.google.com/document/d/1CnbgS9OyO8AHMso4tehe5qs8izMh08Eyju81HyCetcM/,,,,,,,Rohit Sinha,,,,,
Solidity Contracts on Soroban,SCF #23,Solidity Contracts on Soroban II,Solidity Contracts on Soroban,Developer Tooling,https://communityfund.stellar.org/dashboard/submissions/recKGeG7HDjxMYAaM,Awarded,,SCF Legacy Award,$17000.00,$17000.00,158533.3,2/7/2024,Legacy v5.0 Community Award,"This project aims to allow writing Soroban smart contracts in Solidity, by integrating Soroban as a compilation target for Solang.",,,,https://github.com/hyperledger/solang,https://github.com/hyperledger/solang,https://youtu.be/QUwnRkOhRok,,,,,,,Salaheldin Soliman,,,,,
Styx: A Soroban-Cosmos Bridge,SCF #23,Styx: A Soroban-Cosmos Bridge,Styx: A Soroban-Cosmos Bridge,Developer Tooling,https://communityfund.stellar.org/dashboard/submissions/reci8OPZVGDgt0ojE,Awarded,,SCF Legacy Award,$43000.00,$43000.00,396638.7,2/5/2024,Legacy v5.0 Activation Award,A mint/burn bridge connecting Soroban to Cosmos and the larger Blockchain ecosystem.,,,,https://www.figma.com/file/MCNoYBwA8wSAx0Qu4lIB1W/Styx-Design?type=design&node-id=0%3A1&mode=design&t=eQKAcKpzSPhTbLLR-1,,https://youtu.be/2i6xIBd5aiI,,,,,,,"Jaylem Brar, Kaan Ulupinar",,,,,
Soroban Explorer,SCF #23,Soroban Explorer II,Soroban Explorer,Developer Tooling,https://communityfund.stellar.org/dashboard/submissions/rec85RVkmAjDXl8T5,Awarded,,SCF Legacy Award,$100000.00,$100000.00,905702.8,2/13/2024,Legacy v5.0 Community Award,"Enable users to verify smart contracts by compiling the underlying code, helping avoid malicious contracts &amp; actors.",,,,https://www.sorobanexp.com/,https://github.com/sorobanexp/explorer,https://drive.google.com/file/d/1L0v8skd_7eBzKVXCVD1IysGw-VxkGkcd/view?usp=sharing,,,,,,,"Ignacio Garcia Leon, Michal Fiuk, Xun Wu",,,,,
AnChain.AI,SCF #23,AnChain.AI Web3SOC completion,AnChain.AI,Developer Tooling,https://communityfund.stellar.org/dashboard/submissions/recJS3CwdA4WWlQZx,Awarded,,SCF Legacy Award,$95000.00,$95000.00,712250.71,3/21/2024,Legacy v5.0 Community Award,Web3SOC is a security operations center (SOC) designed to safeguard digital assets and smart contract-based applications.,,,,https://web3soc.anchainai.com/,,"https://youtu.be/ssOgcER4PdE, https://youtu.be/k8-bD8_cKZQ",,,,,,,"Christian Nunez, Francesco Piccoli",,https://www.linkedin.com/company/anchainai/,https://twitter.com/AnChainAI,,
Formal VerSo,SCF #23,Formal VerSo - Phase 1,Formal VerSo,Developer Tooling,https://communityfund.stellar.org/dashboard/submissions/recY8VYgnjVw1jIBz,Awarded,,SCF Legacy Award,$99825.00,$99825.00,920801.4,2/5/2024,Legacy v5.0 Community Award,A semi-automated tool for Formal Verification of Soroban contracts using the Software Analysis Workbench.,,,,https://github.com/GaloisInc/formal-verso,https://github.com/GaloisInc/formal-verso,https://www.youtube.com/watch?v=AMzp4cGveXc,,,,,,,Vanessa Aguilar,,,,,
Rise In,SCF #23,Rise In - Developer Growth,Rise In,Education & Community,https://communityfund.stellar.org/dashboard/submissions/rec5xQJ2j8188Qcj9,Awarded,,SCF Legacy Award,$50000.00,$50000.00,435236.76,1/30/2024,Legacy v5.0 Activation Award,Unlocking developer growth globally with online courses on Risein.com &amp; IRL events (incl. community meet-ups and hackathons).,,,,risein.com,,https://www.youtube.com/watch?v=NZmrbrkmE_Q,,,,,,,"Ankit Raj, Kaan Kaçar, Tim Hodgson",,https://www.linkedin.com/school/risein/,https://x.com/riseinweb3,https://discord.com/invite/RQcmHrTJGc,
EasyA,SCF #23,EasyA - #60DaysOfSoroban,EasyA,Education & Community,https://communityfund.stellar.org/dashboard/submissions/recTQdI9l50TRAYin,Awarded,,SCF Legacy Award,$95000.00,$95000.00,818119.2,2/26/2024,Legacy v5.0 Community Award,"EasyA builds on the huge success of its #SummerOfSoroban to educate a further 2,000 developers on Soroban in the run-up to mainnet",,,,https://www.easya.io,,https://youtu.be/4Rna_L-HS6I,,,,,,,"Phil Kwok, Dom Kwok",,https://www.linkedin.com/company/30108824/,https://twitter.com/EasyA_App,,
BiGGER - Startup Camp 2.0,SCF #23,Startup Camp 2.0,BiGGER - Startup Camp 2.0,Education & Community,https://communityfund.stellar.org/dashboard/submissions/recLcRUIYogQT6DHs,Awarded,,SCF Legacy Award,$50000.00,$50000.00,461207.8,2/5/2024,Legacy v5.0 Activation Award,Relaunching the Stellar Startup Camp to make it self-serve and replicable globally.,,,,https://www.figma.com/file/oUN8gcL7860l3th8JMiS7g/ScaleMote-Design-Sprint---Redefinition-2?type=whiteboard&node-id=0-1,,https://www.youtube.com/watch?v=P_C1-tBpLAI,,,,,,,Fabricio Leonardo Sodano Pascazi,,,,,
Zentra,SCF #23,Tide Stream Payment,Zentra,Financial Protocols,https://communityfund.stellar.org/dashboard/submissions/recTmMM8Qbio6zNHx,Awarded,,SCF Legacy Award,$18200.00,$18200.00,166229.8,1/31/2024,Legacy v5.0 Activation Award,We are building a payment streaming app on Soroban to allow users to make payments over a fixed period of time.,,,,https://tide-soroban-contract-frontend.vercel.app/,https://github.com/TosinShada/tide-streaming,https://youtu.be/7Uuw-FQMa4I,,,,,,,Okporka Hillary,,,,,
Eascrow,SCF #23,Eascrow,Eascrow,Financial Protocols,https://communityfund.stellar.org/dashboard/submissions/rec5SQUCL0doQ1r5M,Awarded,,SCF Legacy Award,$48900.00,$48900.00,425661.55,1/30/2024,Legacy v5.0 Activation Award,"Eascrow utilizes Soroban for secure, cost-efficient web3 escrow, ensuring swift, fraud-free payments for goods and freelancers.",,,,https://eascrow.webflow.io/,,https://youtu.be/br3yTDLNOX0,,,,,,,"Antoine Lieber, Antoine Lieber",,,,,
Allbridge Core,SCF #23,Allbridge Core II,Allbridge Core,Financial Protocols,https://communityfund.stellar.org/dashboard/submissions/recKNLK0K1U0wTGlU,Awarded,,SCF Legacy Award,$100000.00,$100000.00,932548.7,2/7/2024,Legacy v5.0 Community Award,Allbridge Core enables users to seamlessly access the Stellar ecosystem through native stablecoin swaps,,,,https://allbridge.io/,https://github.com/allbridge-io,https://youtu.be/OC5s990JhL8,,,,,,,"Pavlo Velykyi, Andriy Velykyi",,,,,
Aquarius,SCF #23,Aquarius AMM Launch on Soroban,Aquarius,Financial Protocols,https://communityfund.stellar.org/dashboard/submissions/recmDHN0X0EQoxVWw,Awarded,,SCF Legacy Award,$94000.00,$94000.00,876595.8,2/7/2024,Legacy v5.0 Community Award,Aquarius is looking to finalise the integration of smart contracts and upgrade user interfaces for AMMs launch on Soroban.,,,,https://aqua.network/,https://github.com/AquaToken,https://www.youtube.com/watch?v=RMtEKc106pw,,,,,,,Jason Cudmore,,,https://twitter.com/aqua_token,https://discord.gg/sgzFscHp4C,
Mykobo,SCF #23,Circle EURC Ramps,Mykobo,Financial Protocols,https://communityfund.stellar.org/dashboard/submissions/recC3UjMDACs8QAc5,Awarded,,SCF Legacy Award,$50000.00,$50000.00,449149.93,1/24/2024,Legacy v5.0 Community Award,Providing on and off ramps for Circle EURC on Stellar so users can deposit EUR for Circle EURC and withdraw Circle EURC for EUR.,,,,https://anchor.mykobo.co/sep24/info,,https://drive.google.com/file/d/1C6MOJ6bS5tAP17fN5OEApXaJfQP9GfqC/view,,,,,,,"Jordan Harry, iamthemandarin , Oluwaseyi Akin-Olugbemi ",,https://www.linkedin.com/company/myk0b0,https://twitter.com/myk0b0,https://discord.gg/6ByPsKGFWR,
