Submission / Project,Round,Submission Title,Project,Category (from Project),Submission URL,Status,Tranche Completion %,Latest Tranche (from Payments),Total Awarded (USD),Total Paid (USD),Total Paid (XLM),Most Recent Payment Date,Award Type,One-Sentence-Description,Products & Services,Technical Architecture,Success Criteria,Website,Code,Video,Use Soroban?,Go-To-Market Plan,Traction Evidence,Tranche 1 - Deliverables,Tranche 2 - Testnet,Tranche 3 - Mainnet,Team Members,Thumbnail,LinkedIn (from Project),X (from Project),Discord (from Project),Pitch Deck (from Project)
Ayadee TRAK,SCF #6,Ayadee TRAK Supply Chain System,Ayadee TRAK,Applications,https://communityfund.stellar.org/dashboard/submissions/recJBwJZzLVSH5ppK,Awarded,,SCF Legacy Award,$16737.09,$16737.09,97168.0,12/9/2020,Legacy v2.0 Award,"Through our use of Stellar, we are building a universal supply chain tracking tool that is fast, easy to use and will function in environments with low-Internet connectivity. Stellar was the best system upon which we could build to serve users in developing countries with limited electrical and Internet access, as well as a need for low costs and a simple tool.",,,,https://ayadee.io,,,,,,,,,"Peter Johnson, Peter Johnson",,,,,
Relax,SCF #6,Relax,Relax,Applications,https://communityfund.stellar.org/dashboard/submissions/recdDizcOwENDizno,Awarded,,SCF Legacy Award,$4514.95,$4514.95,51158.0,11/20/2020,Legacy v2.0 Award,,,,,,,,,,,,,,,,,,,
Blocknify,SCF #6,Blocknify,Blocknify,Applications,https://communityfund.stellar.org/dashboard/submissions/recmPFaKMX2it9tRt,Awarded,,SCF Legacy Award,$4543.37,$4543.37,51480.0,11/20/2020,Legacy v2.0 Award,,,,,,,,,,,,,,,,,,,
DEB,SCF #6,DEB,DEB,Applications,https://communityfund.stellar.org/dashboard/submissions/recZLr4loEBkuuARn,Awarded,,SCF Legacy Award,$653.09,$653.09,7400.0,11/20/2020,Legacy v2.0 Award,,,,,,,,,,,,,,,,,,,
Crypto Link,SCF #6,Crypto Link,Crypto Link,Infrastructure & Services,https://communityfund.stellar.org/dashboard/submissions/recsOeH8VBQkVx4KL,Awarded,,SCF Legacy Award,$3606.28,$3606.28,40862.0,11/20/2020,Legacy v2.0 Award,,,,,,,,,,,,,,,,,,,
EduNode,SCF #6,"EduNode: Meet, learn and build on the Stellar Network",EduNode,Education & Community,https://communityfund.stellar.org/dashboard/submissions/recTuXIwr6ihJov7c,Awarded,,SCF Legacy Award,$3123.00,$3123.00,35392.0,11/20/2020,Legacy v2.0 Award,"Learn about building on the Stellar Network, connect with community members and receive payments for content creation.",,,,https://edunode.org/,,https://vimeo.com/712679632,,,,,,,Olvis Enrique Gil Rios,,,,,
Stellarscam.report,SCF #6,Stellarscam.report,Stellarscam.report,Education & Community,https://communityfund.stellar.org/dashboard/submissions/recGmQ4CAX2gjf7qz,Awarded,,SCF Legacy Award,$5445.00,$5445.00,27027.0,11/30/2020,Legacy v2.0 Award,Fraud detection and scam alert system for the Stellar community.,,,,https://stellarscam-report.medium.com/,,,,,,,,,Pantheon,,,,,
Lumenswap,SCF #6,Lumenswap,Lumenswap,Financial Protocols,https://communityfund.stellar.org/dashboard/submissions/recu69dUtviRW6oC7,Awarded,,SCF Legacy Award,$6786.63,$6786.63,76898.0,11/20/2020,Legacy v2.0 Award,,,,,,,,,,,,,,,,,,,
