Submission / Project,Round,Submission Title,Project,Category (from Project),Submission URL,Status,Tranche Completion %,Latest Tranche (from Payments),Total Awarded (USD),Total Paid (USD),Total Paid (XLM),Most Recent Payment Date,Award Type,One-Sentence-Description,Products & Services,Technical Architecture,Success Criteria,Website,Code,Video,Use Soroban?,Go-To-Market Plan,Traction Evidence,Tranche 1 - Deliverables,Tranche 2 - Testnet,Tranche 3 - Mainnet,Team Members,Thumbnail,LinkedIn (from Project),X (from Project),Discord (from Project),Pitch Deck (from Project)
Lobstr,SCF #2,LOBSTR,Lobstr,Applications,https://communityfund.stellar.org/dashboard/submissions/reckAPLIsrEDIE0Zb,Awarded,,SCF Legacy Award,,$35462.64,538458.0,10/29/2019,Legacy v1.0 Award,"Simple and secure Stellar wallet available on the web, Android and iOS.",,,,https://galactictalk.org/d/2047-lobstr-simple-and-secure-stellar-wallet,,https://youtu.be/rHQgXYhgKsU,,,,,,,"Dima, Gleb Pitsevich",,,https://twitter.com/ultrastellar,,
GetBlockCard.com,SCF #2,GetBlockCard.com - Use XLM where VISA is accepted (50 million merchants),GetBlockCard.com,Applications,https://communityfund.stellar.org/dashboard/submissions/recTEBVyna1Qu0sly,Awarded,,SCF Legacy Award,,$28114.73,426924.0,10/29/2019,Legacy v1.0 Award,,,,,,,,,,,,,,,,,,,
StellarPay,SCF #2,StellarPay - Shopify Merchants Can Now Accept Stellar Payments,StellarPay,Applications,https://communityfund.stellar.org/dashboard/submissions/recNRH9HXfzuEZIjZ,Awarded,,SCF Legacy Award,,$17469.04,265386.0,10/29/2019,Legacy v1.0 Award,,,,,,,,,,,,,,StellarPay,,,,,
City States: Medieval,SCF #2,City States: Medieval,City States: Medieval,Applications,https://communityfund.stellar.org/dashboard/submissions/rec91ZpPLUGNsfPSw,Awarded,,SCF Legacy Award,,$22284.91,338463.0,10/29/2019,Legacy v1.0 Award,,,,,,,,,,,,,,,,,,,
Stellarport,SCF #2,"Stellarport - Stellar Wallet, DEX & Anchor",Stellarport,Applications,https://communityfund.stellar.org/dashboard/submissions/recpMYd0rjGNLniyz,Awarded,,SCF Legacy Award,,$19747.51,300000.0,10/29/2019,Legacy v1.0 Award,,,,,,,,,,,,,,,,,,,
Centaurus,SCF #2,"Centaurus - second layer payment network, exchange, and scaling solution",Centaurus,Infrastructure & Services,https://communityfund.stellar.org/dashboard/submissions/recg4KmfUXrrNOHbG,Awarded,,SCF Legacy Award,,$32409.68,492306.0,10/29/2019,Legacy v1.0 Award,,,,,,,,,,,,,,,,,,,
Astrocore,SCF #2,Astrocore — rusted Stellar-core,Astrocore,Infrastructure & Services,https://communityfund.stellar.org/dashboard/submissions/recZlfegu12ecDh0e,Awarded,,SCF Legacy Award,,$14470.61,219231.0,10/29/2019,Legacy v1.0 Award,,,,,,,,,,,,,,,,,,,
StellarAuth,SCF #2,StellarAuth • The best way to integrate Stellar into your apps,StellarAuth,Developer Tooling,https://communityfund.stellar.org/dashboard/submissions/recUupl1g4dKZ18Fq,Awarded,,SCF Legacy Award,,$27608.18,419232.0,10/29/2019,Legacy v1.0 Award,,,,,,,,,,,,,,,,,,,
