Submission / Project,Round,Submission Title,Project,Category (from Project),Submission URL,Status,Tranche Completion %,Latest Tranche (from Payments),Total Awarded (USD),Total Paid (USD),Total Paid (XLM),Most Recent Payment Date,Award Type,One-Sentence-Description,Products & Services,Technical Architecture,Success Criteria,Website,Code,Video,Use Soroban?,Go-To-Market Plan,Traction Evidence,Tranche 1 - Deliverables,Tranche 2 - Testnet,Tranche 3 - Mainnet,Team Members,Thumbnail,LinkedIn (from Project),X (from Project),Discord (from Project),Pitch Deck (from Project)
NiceTrade,SCF #4,NiceTrade,NiceTrade,Applications,https://communityfund.stellar.org/dashboard/submissions/recyhzzgGCQVXFo7r,Awarded,,SCF Legacy Award,,$30551.22,233644.0,5/29/2020,Legacy v1.0 Award,,,,,,,,,,,,,,,,,,,
Whalestack,SCF #4,COINQVEST,Whalestack,Applications,https://communityfund.stellar.org/dashboard/submissions/recTcTox813mQJThm,Awarded,,SCF Legacy Award,,$46166.28,635514.0,5/29/2020,Legacy v1.0 Award,"Enterprise Cryptocurrency Payment Processing. Accept Digital Currencies, Settle in USD, EUR, NGN.","I can't access external websites directly. However, you can copy and paste the content here, and I can help you streamline the format.",,,https://galactictalk.org/d/2312-coinqvest-enterprise-cryptocurrency-payment-processing,,,,,,,,,Marcin Olszowy,,,,,
Sendit,SCF #4,SendIt - Payment via Email,Sendit,Applications,https://communityfund.stellar.org/dashboard/submissions/recDLqNaPrMbRxI77,Awarded,,SCF Legacy Award,,$26477.72,364485.0,5/29/2020,Legacy v1.0 Award,,,,,,,,,,,,,,,,,,,
Stellar Tip,SCF #4,Stellar Tip - Tipping for content creators and developers,Stellar Tip,Applications,https://communityfund.stellar.org/dashboard/submissions/recLG9qWeD5OX4xTP,Awarded,,SCF Legacy Award,,$14257.23,420560.0,5/29/2020,Legacy v1.0 Award,,,,,,,,,,,,,,,,,,,
Stellot,SCF #4,Stellot - e-Voting platform,Stellot,Applications,https://communityfund.stellar.org/dashboard/submissions/rec4OC7H7Ywe9d5gN,Awarded,,SCF Legacy Award,,$26477.72,355140.0,5/29/2020,Legacy v1.0 Award,,,,,,,,,,,,,,,,,,,
Lumenscan,SCF #4,Lumenscan - Stellar Ledger Explorer,Lumenscan,Infrastructure & Services,https://communityfund.stellar.org/dashboard/submissions/recP2TjM2jW0hPBrk,Awarded,,SCF Legacy Award,,$16972.90,224299.0,5/29/2020,Legacy v1.0 Award,,,,,,,,,,,,,,,,,,,
Apay.io,SCF #4,Papaya anchor (apay.io),Apay.io,Infrastructure & Services,https://communityfund.stellar.org/dashboard/submissions/recEs9206olVJrm5i,Awarded,,SCF Legacy Award,,$38019.29,523364.0,5/29/2020,Legacy v1.0 Award,"Anchor for BTC, USDT, LTC, ETH, KIN and other cryptocurrencies and tokens","I can't access external websites directly. Please provide the content you need streamlined, and I'll be happy to help.",,,https://galactictalk.org/d/2297-papaya-anchor-apay-io,,,,,,,,,"Sergey, Sergey ",,,,,
SDK for Stellar Qt,SCF #4,SDK for Stellar Qt,SDK for Stellar Qt,Developer Tooling,https://communityfund.stellar.org/dashboard/submissions/recXb0s7x1Lm8XyXY,Awarded,,SCF Legacy Award,,$25798.80,242990.0,5/29/2020,Legacy v1.0 Award,New developments to the Stellar ecosystem,"StellarMint: Stellar Tokens Made Easier

StellarMint is a platform that simplifies the creation and management of Stellar tokens. It allows users to create, distribute, and manage their tokens without needing to write any code. The platform is designed to be user-friendly and accessible to everyone, regardless of their technical expertise.

Key Features:
- Token Creation: Easily create your own Stellar tokens with a few clicks.
- Distribution: Distribute your tokens to multiple recipients in a single transaction.
- Management: Manage your tokens, including setting up trustlines and issuing additional tokens.

StellarMint aims to make the process of creating and managing Stellar tokens as simple and straightforward as possible. Whether you're a developer, a business owner, or just someone interested in creating your own tokens, StellarMint provides the tools you need to get started quickly and easily.",,,https://galactictalk.org/d/2300-sdk-for-stellar-qt,,,,,,,,,Benjamín Nogal,,,,,
